epoch,cumulative_epoch_index,val_executed_nfe,val_nfe_p95,val_terminal_time,val_accepted_h_mean,val_rejected_steps,dynamics_parameter_norm,reaction_parameter_norm,train_samples,val_samples,global_step,lr_decoder,lr_encoder,lr_new_head,train_seconds,epoch_seconds,loss_gt_D16,loss_gt_D8,loss_gt_D4,loss_gt_D2,loss_gt_D1,loss_gt_D_full,loss_total,loss_metric,loss_rmse,loss_range,loss_range_active_bins,loss_sparse,loss_holdout,loss_trust,loss_metric_kd,loss_kd_coverage,loss_kd_mean_confidence,loss_lambda_kd,loss_sensor_gate_mean,loss_abs_delta4_mean,loss_abs_delta1_mean,loss_boundary_rmse,loss_barrier,loss_barrier_support,loss_barrier_positive_fraction,loss_tail,loss_tail_ramp,loss_dynamics_aux,loss_inverse_rmse_km_inv,loss_inverse_ramp,loss_inverse,loss_relative_gradient,loss_relative_pair_coverage,loss_relative_ramp,loss_dynamics_state_change_1,loss_dynamics_state_change_2,loss_dynamics_nfe,loss_dynamics_accepted_steps,loss_dynamics_rejected_steps,loss_dynamics_terminal_time_mean,loss_weighted_metric,loss_weighted_rmse,loss_weighted_range,loss_weighted_sparse,loss_weighted_holdout,loss_weighted_trust,loss_weighted_metric_kd,loss_weighted_boundary,loss_weighted_barrier,loss_weighted_tail,loss_weighted_dynamics_aux,loss_weighted_inverse_rmse,loss_weighted_inverse,loss_weighted_relative,loss_weighted_log,loss_weighted_edge,loss_weighted_teacher_edge,loss_query_uncertainty_mean,loss_query_gate_mean,loss_query_center_weight_mean,loss_query_entropy_mean,loss_innovation_abs_mean_m,loss_innovation_support_fraction,loss_innovation_head_raw_abs,loss_metric_head_saturation_fraction,val_rmse_m,val_mae_m,val_irmse_km_inv,early_stop_bad_epochs,early_stop_monitor_best_rmse_m,early_stop_triggered,val_pre_anchor_rmse_m,val_legacy_hard_rmse_m,val_native_D0_rmse_m,val_native_D4_rmse_m,val_native_D4_step1_rmse_m,val_native_D4_step2_rmse_m,val_native_D2_base_rmse_m,val_native_D2_query_rmse_m,val_native_D2_rmse_m,val_tail_1m_sse_fraction,val_tail_2m_sse_fraction,val_tail_5m_sse_fraction,val_tail_10m_sse_fraction,val_tail_20m_sse_fraction,val_tail_1m_sse_m2,val_tail_2m_sse_m2,val_tail_5m_sse_m2,val_tail_10m_sse_m2,val_tail_20m_sse_m2,val_tail_1m_pixel_fraction,val_tail_2m_pixel_fraction,val_tail_5m_pixel_fraction,val_tail_10m_pixel_fraction,val_tail_20m_pixel_fraction,val_rmse_0-20_m,val_rmse_20-40_m,val_rmse_40-60_m,val_rmse_60-80_m,val_rmse_80-120_m,val_rmse_edge_m,val_gt_boundary_1px_rmse_m,val_gt_boundary_2px_rmse_m,val_gt_boundary_3px_rmse_m,val_gt_boundary_5px_rmse_m,val_gt_boundary_10px_rmse_m
0,0,13.0,13.0,1.0,0.25,0.0,58.02685925364494,0.16820870339870453,1600,400,400,0.0003,0.00015,0.0003,144.391514056,210.9220795220001,10.121150016784668,6.360816478729248,1.2787628173828125,1.143808126449585,1.0786359310150146,1.0154162645339966,5.4532365798950195,2.6607611179351807,2.4265573024749756,6.28749942779541,4.375,1.1375510692596436,1.3286892175674438,0.5610402226448059,7.211188316345215,0.7122857570648193,0.7999255061149597,0.011925186961889267,0.7139413356781006,1.0210974216461182,0.05892186611890793,4.182037353515625,1.074064016342163,0.3209080100059509,0.0376790389418602,3.348768949508667,0.24937497079372406,1.4577229022979736,15.57801342010498,0.12468748539686203,0.0,0.09681116789579391,0.31169605255126953,0.16624997556209564,0.009449218399822712,0.007740247529000044,13.0,4.0,0.0,1.0,2.6607611179351807,1.455933928489685,0.6287499070167542,0.022751033306121826,0.06643446534872055,0.011220799759030342,0.08601170033216476,0.20910188555717468,0.010740641504526138,0.10324069112539291,0.145772323012352,0.05227784812450409,0.0,0.0002432571491226554,0.0,0.0,0.0,0.001991649391129613,0.21101975440979004,0.5849590301513672,1.2362474203109741,0.819431722164154,0.6275681257247925,0.023315126076340675,1.2551633517432492e-05,1.3890015109608205,0.5298747146164124,6.301788023669052,0,1.3890015109608205,False,1.4301046340654946,1.4657680187431006,2.727332092456004,2.1007031643582508,2.2792628508975312,2.1007031643582508,1.7891405756019776,1.7417839310133152,1.63495567079272,0.9420713537070184,0.8815592847661898,0.7165679564843986,0.49606427918156093,0.2296620225497475,46211499.32232177,43243196.10213804,35149863.654356,24333479.636146545,11265629.03930664,0.10382835125375851,0.04456201992118621,0.012202403052870184,0.0033593717551612208,0.000571642264430211,0.7726930169477418,1.9703034158282382,3.00285023546205,5.0554209248695265,14.063838111697756,1.9959771883516317,2.185684011147612,2.100013156201207,2.073994037503654,2.075997969229588,2.1022261791664953
1,1,13.0,13.0,1.0,0.25,0.0,60.56745287775993,0.35869699716567993,1600,400,800,0.0002995401637776257,0.00014977008188881284,0.0002995401637776257,135.67984928700002,202.1330609680001,6.415068626403809,1.5524804592132568,0.36329299211502075,0.2539905607700348,0.21584218740463257,0.2014767974615097,2.145320177078247,0.6780895590782166,1.176436185836792,3.0119078159332275,4.372499942779541,0.47476741671562195,0.5623568296432495,0.43453100323677063,5.491514205932617,0.7122853398323059,0.7998786568641663,0.011775185354053974,0.8629011511802673,0.7005280256271362,0.107905812561512,2.090013265609741,0.8462280035018921,0.3209081292152405,0.037714142352342606,0.6567412614822388,0.7493749856948853,0.386730819940567,5.099117755889893,0.3746874928474426,0.0,0.08921176940202713,0.31169557571411133,0.49958330392837524,0.0074817412532866,0.0068804314360022545,13.0,4.0,0.0,1.0,0.6780895590782166,0.7058615684509277,0.30119073390960693,0.00949534960091114,0.02811785787343979,0.00869062077254057,0.06468496471643448,0.1045006811618805,0.008462287485599518,0.12148024886846542,0.03867308422923088,0.07540659606456757,0.0,0.0006664395914413035,0.0,0.0,0.0,0.0007467388059012592,0.2829843759536743,0.5387183427810669,1.233694076538086,0.2956327497959137,0.6275784969329834,0.023386122658848763,0.0004741176380775869,1.1972665805950882,0.36767952744318627,4.525155499381905,0,1.1972665805950882,False,1.2235746814123185,1.30232485386902,2.4101654866135767,1.9499462007706485,2.0049180629857086,1.9499462007706485,1.6184195605816964,1.5273083498945388,1.450836137703451,0.9535802368159053,0.8990060389261587,0.7525031808625198,0.5423353880607534,0.2615895321713793,34753599.09305763,32764621.42651272,27425268.324846268,19765622.150032043,9533731.276123047,0.06970814386096956,0.03019029465181346,0.008807987038894644,0.002632999845191692,0.0004798428255159333,0.6375975135606528,1.6934267763906083,2.697059031610956,4.4342834597382055,11.682493033302588,1.7125210351433737,2.0068373620044624,1.8997549170350236,1.8629966863251701,1.84394156523874,1.8357565369283149
2,2,13.0,13.0,1.0,0.25,0.0,62.25587722659111,0.4891161620616913,1600,400,1200,0.00029815902742970157,0.00014907951371485078,0.00029815902742970157,136.59672213299996,203.0483107309999,2.5850069522857666,1.1927337646484375,0.3184826076030731,0.21169012784957886,0.17127224802970886,0.16220246255397797,1.8756628036499023,0.4833792746067047,1.0702227354049683,2.756497383117676,4.375,0.43410491943359375,0.52476567029953,0.4223436713218689,4.106937885284424,0.712285041809082,0.7998483777046204,0.01162518560886383,0.8586788177490234,0.6916362643241882,0.15320338308811188,1.9455193281173706,0.6624587774276733,0.3209080398082733,0.03778137266635895,0.5530332922935486,1.0,0.3340354859828949,4.282715797424316,0.6246874332427979,0.0,0.08733347058296204,0.3116949796676636,0.8329166173934937,0.008788774721324444,0.00813534576445818,13.0,4.0,0.0,1.0,0.4833792746067047,0.6421339511871338,0.2756495475769043,0.008682097308337688,0.02623828314244747,0.008446880616247654,0.0477585643529892,0.09727595001459122,0.006624582223594189,0.13825832307338715,0.03340352326631546,0.10672063380479813,0.0,0.001090728910639882,0.0,0.0,0.0,0.0008618523715995252,0.32647737860679626,0.5169914960861206,1.2323731184005737,0.2953938841819763,0.6275736689567566,0.028636889532208443,0.0004456498136278242,1.1346995618269808,0.3249803306202331,4.207737168020231,0,1.1346995618269808,False,1.1541845687173728,1.2494658336630153,2.313316459100396,1.877722198230947,1.9115626251955398,1.877722198230947,1.5246463155998518,1.4549235872955415,1.3861190299294015,0.9567350407298991,0.9070945602342235,0.7637406990231763,0.5517879464816756,0.2693293274887902,31319461.02411437,29694441.527685642,25001642.081947327,18063204.908042908,8816703.70147705,0.058632270169445874,0.02662282056961906,0.007982500053490675,0.002397247558622634,0.00044491656083903586,0.6005093959764494,1.5975559548554474,2.5935196592232383,4.2183878818655955,10.648362328350094,1.6241820141601848,1.923162413604538,1.8138730269019174,1.7749611898540327,1.7529239835022903,1.7428132824364606
3,3,13.0,13.0,1.0,0.25,0.0,63.34521234035492,0.5453685522079468,1600,400,1600,0.0002958655464133225,0.00014793277320666125,0.0002958655464133225,136.29363646899992,202.64182082599996,1.869097352027893,1.0827256441116333,0.30169326066970825,0.19782572984695435,0.1561782956123352,0.14900586009025574,1.797560214996338,0.4325602948665619,1.029416561126709,2.627868890762329,4.355000019073486,0.42149901390075684,0.5143068432807922,0.4151342213153839,3.6593267917633057,0.7122857570648193,0.7998930811882019,0.011475185863673687,0.8486999869346619,0.6976138353347778,0.17701029777526855,1.8876290321350098,0.5360780358314514,0.3209080696105957,0.037690483033657074,0.518566906452179,1.0,0.3158184587955475,3.9466991424560547,0.8746874332427979,0.0,0.08687867224216461,0.31169557571411133,1.0,0.009502093307673931,0.008616738952696323,13.0,4.0,0.0,1.0,0.4325602948665619,0.6176500916481018,0.2627869248390198,0.008429977111518383,0.025715352967381477,0.008302688598632812,0.0419960618019104,0.09438154101371765,0.005360776092857122,0.12964172661304474,0.03158184513449669,0.1378495991230011,0.0,0.0013031800044700503,0.0,0.0,0.0,0.0009336121147498488,0.35063666105270386,0.49350330233573914,1.2535250186920166,0.313017338514328,0.6275632977485657,0.027468152344226837,0.0002990841749124229,1.0988957219419584,0.3061204583516923,4.007072605741897,0,1.0988957219419584,False,1.115965402376137,1.2203282519318654,2.201631683991557,1.8194886530830483,1.8604777534827195,1.8194886530830483,1.4441376856009291,1.4032490365462742,1.3514632248240945,0.9564934372694887,0.9071939857754712,0.7672295649319895,0.5643573576201821,0.28230562925344677,29366743.153564453,27853126.569043636,23555868.441186905,17327183.77594757,8667489.584411621,0.054212013124723894,0.024416762844999124,0.007253414278360441,0.0022460577372059743,0.0004335104608882473,0.5439664688603901,1.4713611928038133,2.581165763370265,4.4762819198745065,11.559831523456934,1.5526746747440994,1.9282891186193276,1.8148911430829737,1.773212791194106,1.7434454867260447,1.7140052370416086
4,4,13.0,13.0,1.0,0.25,0.0,64.11845397949219,0.5891173481941223,1600,400,2000,0.00029267459673904927,0.00014633729836952464,0.00029267459673904927,135.35535451499982,202.71030712699985,1.4727654457092285,0.9752511382102966,0.2932531535625458,0.19075852632522583,0.14799076318740845,0.14178533852100372,1.7477296590805054,0.40257787704467773,1.0060797929763794,2.5477817058563232,4.375,0.4152085483074188,0.5117202401161194,0.4080407917499542,3.5065739154815674,0.7122852206230164,0.7998549342155457,0.011325186118483543,0.8317397236824036,0.7177823185920715,0.1957579404115677,1.8771799802780151,0.4594915807247162,0.32090815901756287,0.037740305066108704,0.4978826940059662,1.0,0.30553555488586426,3.7547640800476074,1.0,0.0,0.08606597036123276,0.31169724464416504,1.0,0.009732437320053577,0.008715047501027584,13.0,4.0,0.0,1.0,0.40257787704467773,0.6036481261253357,0.25477829575538635,0.008304170332849026,0.025586025789380074,0.008160814642906189,0.03971463069319725,0.093859001994133,0.0045949178747832775,0.12447067350149155,0.030553556978702545,0.1501905471086502,0.0,0.0012909899232909083,0.0,0.0,0.0,0.000969001732300967,0.36559048295021057,0.4745437502861023,1.2677584886550903,0.33076396584510803,0.6275725364685059,0.02493155002593994,0.00022113403247203678,1.0661136751626206,0.2934602679793003,3.748280274865591,0,1.0661136751626206,False,1.081264659466962,1.1922217365122085,2.1330734905423308,1.76294761357591,1.8079538554069041,1.76294761357591,1.420656876156508,1.3636098252667357,1.319686783052387,0.9556389281815746,0.9052385097926307,0.7642251340356153,0.5593094761369586,0.28126431037296534,27616057.973371148,26159586.459846973,22084581.303520203,16162927.71522522,8127977.285186768,0.05184088160185065,0.02315709676526152,0.006848419067349166,0.0021010822736935377,0.00040420858342846285,0.47282961222322806,1.4847326276485666,2.646427637372045,4.228446916780781,10.639821276004405,1.5037572467229654,1.928333281619997,1.812069828102565,1.7664696683817767,1.7293934660138697,1.6842905928102319
5,5,13.0,13.0,1.0,0.25,0.0,64.74094027280807,0.6323384046554565,1600,400,2400,0.0002886068755919529,0.00014430343779597645,0.0002886068755919529,135.43896158500002,202.641710462,1.2409710884094238,0.8755903244018555,0.2855994403362274,0.18362005054950714,0.14054127037525177,0.13502950966358185,1.6840637922286987,0.37803003191947937,0.9809251427650452,2.5033605098724365,4.389999866485596,0.4133429229259491,0.5043397545814514,0.4034750163555145,3.2782795429229736,0.7122855186462402,0.7999549508094788,0.0111751863732934,0.8205136060714722,0.7436937689781189,0.2073238492012024,1.8534836769104004,0.41336730122566223,0.3209080398082733,0.037718284875154495,0.47081124782562256,1.0,0.2963176369667053,3.5882022380828857,1.0,0.0,0.0856960117816925,0.31169620156288147,1.0,0.010154477320611477,0.009076748043298721,13.0,4.0,0.0,1.0,0.37803003191947937,0.5885553359985352,0.2503359913825989,0.00826686155050993,0.02521699108183384,0.008069506846368313,0.0366336852312088,0.09267419576644897,0.004133671056479216,0.11770281195640564,0.029631784185767174,0.1435280740261078,0.0,0.0012854402884840965,0.0,0.0,0.0,0.0009951360989362001,0.37606123089790344,0.45816120505332947,1.2807292938232422,0.3424859941005707,0.6275680065155029,0.02465181238949299,0.00019229289318900555,1.0604452421033157,0.2917171712409593,3.702417883153751,0,1.0604452421033157,False,1.0766991283287743,1.1875737725955327,2.068906073378137,1.7675347733583104,1.7786716747778315,1.7675347733583104,1.4289864231288978,1.3631131907879623,1.312824901709122,0.9552336869442233,0.9050229177621594,0.7640471538457049,0.5573361453866885,0.279160463923794,27311587.8779068,25875985.4136343,21845273.329792023,15935090.355697632,7981623.394042969,0.051226171477261426,0.022916585381816443,0.006822617682632899,0.0020713870824423464,0.0003999607944812726,0.482373490933864,1.4738323370132684,2.613539621224795,4.213162443792615,9.978251751157531,1.490905846554935,1.9358354312248796,1.8183620454859997,1.7689619878436453,1.7249866427896414,1.6750727537398655
6,6,13.0,13.0,1.0,0.25,0.0,65.22183465957642,0.6618415117263794,1600,400,2800,0.0002836887670852264,0.0001418443835426132,0.0002836887670852264,134.537434073,202.4237564619998,1.1183866262435913,0.8125014901161194,0.2814420759677887,0.17977777123451233,0.136830672621727,0.13158221542835236,1.6450185775756836,0.3647318482398987,0.9624671936035156,2.446075439453125,4.377500057220459,0.41457605361938477,0.5047327876091003,0.4002462327480316,3.353710651397705,0.7122852802276611,0.7999335527420044,0.01102518755942583,0.8150930404663086,0.7564770579338074,0.20659850537776947,1.8208212852478027,0.3893698751926422,0.3209080100059509,0.03790596127510071,0.4571285843849182,1.0,0.2915151119232178,3.5012600421905518,1.0,0.0,0.084711454808712,0.31169548630714417,1.0,0.01027682889252901,0.0091658104211092,13.0,4.0,0.0,1.0,0.3647318482398987,0.5774803757667542,0.24460768699645996,0.00829152949154377,0.025236643850803375,0.008004920557141304,0.036976590752601624,0.09104109555482864,0.003893701359629631,0.11428214609622955,0.029151534661650658,0.14005036652088165,0.0,0.001270671607926488,0.0,0.0,0.0,0.00101429782807827,0.3824646770954132,0.44388529658317566,1.2876379489898682,0.34807252883911133,0.6275652647018433,0.024972567334771156,0.0002237157168565318,1.0427118535730087,0.2841712235363019,3.593072446077831,0,1.0427118535730087,False,1.0576519012433618,1.173277112311716,2.036155701551387,1.7574716105293822,1.7577704355198922,1.7574716105293822,1.4308740886088323,1.3470861108634016,1.2973259216113313,0.9546711999864395,0.9041013963344944,0.7638779358627558,0.5603822749686195,0.28454359464515744,26390235.599885702,24992320.76529789,21116085.514320374,15490799.62046814,7865715.967163086,0.0496504777661287,0.0220529076272669,0.006533807365603104,0.0020020458610173803,0.0003955950113966604,0.4952871310804782,1.481192741471582,2.5332762704141274,3.9439276443851634,9.694978688181639,1.472630381203241,1.8935715629968002,1.774291729827993,1.7251607369789992,1.6853277813977006,1.6451639009349297
7,7,13.0,13.0,1.0,0.25,0.0,65.69117224216461,0.6886839866638184,1600,400,3200,0.0002779521711271583,0.00013897608556357916,0.0002779521711271583,133.2138949199998,201.4079021059997,1.0059430599212646,0.736723780632019,0.27666720747947693,0.17532701790332794,0.1328117698431015,0.12794063985347748,1.6101185083389282,0.3504294753074646,0.9500695466995239,2.4210519790649414,4.364999771118164,0.4130134582519531,0.5027987360954285,0.3971301317214966,3.1682958602905273,0.7122854590415955,0.7998729348182678,0.010875187814235687,0.8136610388755798,0.7593855857849121,0.2004559487104416,1.8172143697738647,0.3703678846359253,0.32090798020362854,0.0376720204949379,0.44336971640586853,1.0,0.28536224365234375,3.4133121967315674,1.0,0.0,0.08515316992998123,0.31169673800468445,1.0,0.01034979335963726,0.009204470552504063,13.0,4.0,0.0,1.0,0.3504294753074646,0.5700418949127197,0.24210511147975922,0.00826027151197195,0.025139931589365005,0.007942602038383484,0.03444613516330719,0.09086067974567413,0.0037036766298115253,0.11084242910146713,0.028536221012473106,0.1365324705839157,0.0,0.0012772971531376243,0.0,0.0,0.0,0.0010332467500120401,0.38451528549194336,0.43516528606414795,1.2928193807601929,0.35147809982299805,0.6275674104690552,0.026027536019682884,0.00024677481269463897,1.03771787460881,0.2785121950743685,3.6026745772831985,0,1.03771787460881,False,1.0519851559827378,1.1688632760159285,2.0376831991421294,1.749082358272338,1.763910313938035,1.749082358272338,1.389859611767058,1.3289446677150214,1.2834218556488666,0.9559266107379957,0.9061848741228775,0.7666087321109256,0.5610269082298905,0.2820162236455305,26172425.449885845,24810540.678938866,20989069.312459946,15360420.73323059,7721354.867736816,0.04861102807819959,0.02178529692359392,0.006512253769834028,0.0019920950220947958,0.0003893019907341564,0.4777832293917951,1.4393253921191371,2.565270878684336,4.0809736165734245,9.804100677952283,1.4582746604940293,1.9062649094257582,1.7868984689024974,1.736537611936293,1.6938236337490835,1.6461422059361581
8,8,13.0,13.0,1.0,0.25,0.0,66.10490471124649,0.7107388377189636,1600,400,3600,0.0002714342965114755,0.00013571714825573775,0.0002714342965114755,133.78995504299974,203.30539660199975,0.9502030611038208,0.709499716758728,0.2741888761520386,0.17242318391799927,0.1302318423986435,0.1255624145269394,1.5779523849487305,0.34276360273361206,0.9343639016151428,2.3653721809387207,4.367499828338623,0.4140859544277191,0.5040618777275085,0.3952803611755371,3.0849640369415283,0.7122859954833984,0.7999439835548401,0.01072518527507782,0.8132200241088867,0.8324353694915771,0.21183258295059204,1.785735011100769,0.3567850887775421,0.3209081292152405,0.037874750792980194,0.43094348907470703,1.0,0.28229957818984985,3.3362483978271484,1.0,0.0,0.085756815969944,0.3116961121559143,1.0,0.01076484564691782,0.009654144756495953,13.0,4.0,0.0,1.0,0.34276360273361206,0.5606185793876648,0.23653729259967804,0.008281719870865345,0.025203105062246323,0.007905608043074608,0.03308570012450218,0.0892866775393486,0.0035678520798683167,0.10773587226867676,0.028229977935552597,0.13344991207122803,0.0,0.0012863517040386796,0.0,0.0,0.0,0.0010859672911465168,0.3871908485889435,0.42559337615966797,1.288733959197998,0.3504889905452728,0.6275686025619507,0.028240762650966644,0.0003084990894421935,1.0482470387269198,0.28021973924070154,3.493874789226003,1,1.03771787460881,False,1.062824994866468,1.1784908782512955,2.135067205249376,1.7751192467365324,1.8434364296406271,1.7751192467365324,1.4168966681422983,1.3559318075483588,1.3068353487383675,0.9568752870478645,0.9090224079592337,0.7733712178733303,0.5690881619475188,0.2783250896906579,26732738.59510219,25395847.022067547,21606086.89996338,15898921.496704102,7775717.4501953125,0.04811714395033045,0.021764018647478827,0.006668045362610143,0.0021032454995462734,0.0003970109410457238,0.46370436127596953,1.4151832196409584,2.5272743335455083,4.389092696832361,12.09339303386586,1.4753173641608321,1.9152531483603097,1.794116937154326,1.7452293532451315,1.706677385856259,1.6645588092902166
9,9,13.0,13.0,1.0,0.25,0.0,66.48020911216736,0.7269315719604492,1600,400,4000,0.00026417741957311317,0.00013208870978655658,0.00026417741957311317,134.3037696209999,201.99320788900013,0.88327556848526,0.6624287366867065,0.27033910155296326,0.16881978511810303,0.127045139670372,0.12251479923725128,1.55401611328125,0.3324376344680786,0.9238255620002747,2.3578054904937744,4.364999771118164,0.4140748977661133,0.5018553137779236,0.3920152485370636,3.040066719055176,0.7122852206230164,0.7998368144035339,0.010575187392532825,0.8119418025016785,0.8864703178405762,0.21356776356697083,1.7913843393325806,0.34883913397789,0.3209080398082733,0.03763049468398094,0.41662824153900146,1.0,0.27809131145477295,3.2958755493164062,1.0,0.0,0.08567636460065842,0.31169721484184265,1.0,0.01104776095598936,0.009988476522266865,13.0,4.0,0.0,1.0,0.3324376344680786,0.554295003414154,0.23578067123889923,0.008281495422124863,0.025092776864767075,0.00784030556678772,0.03214431181550026,0.08956923335790634,0.0034883932676166296,0.10415706038475037,0.02780912071466446,0.13183501362800598,0.0,0.001285144709981978,0.0,0.0,0.0,0.001120146713219583,0.3887941241264343,0.4157927334308624,1.2947126626968384,0.35227519273757935,0.6275667548179626,0.028481146320700645,0.000313212483888492,1.0258869940442865,0.2738901372103751,3.4879779855141626,0,1.0258869940442865,False,1.0398162861088347,1.1592999233329506,1.9616627318709121,1.7289281943998587,1.725240734437894,1.7289281943998587,1.3887766101766021,1.3093605581503855,1.2655771471681543,0.9554192671572329,0.9058749876488151,0.7671398084625359,0.5660004998593938,0.29269693536160923,25565475.103350997,24239750.27465391,20527421.152383804,15145258.40649414,7832096.830200195,0.047203161361860015,0.021088384216600736,0.006238625365152524,0.0019155561582870901,0.00038273365041766776,0.47444418157383533,1.433633223528575,2.53847904754104,3.9725973918455724,9.645740591491364,1.4459325751289713,1.8902359300466298,1.7678223668128772,1.7169627350227508,1.675742866987056,1.6295595401199123
10,10,13.0,13.0,1.0,0.25,0.0,66.85090106725693,0.7499776482582092,1600,400,4400,0.00025622860997482467,0.00012811430498741233,0.00025622860997482467,134.89428924699996,202.849118955,0.8549222350120544,0.6460475921630859,0.2680395841598511,0.16634675860404968,0.1253032237291336,0.12093009054660797,1.5331990718841553,0.32736730575561523,0.915506899356842,2.324760913848877,4.367499828338623,0.41517478227615356,0.5015869140625,0.3904217481613159,2.8240301609039307,0.7122855186462402,0.7997831702232361,0.010425186716020107,0.810600996017456,0.9004600048065186,0.21692004799842834,1.7813249826431274,0.33865034580230713,0.3209080696105957,0.03769785538315773,0.41013747453689575,1.0,0.2750220000743866,3.2410058975219727,1.0,0.0,0.08579462021589279,0.31169575452804565,1.0,0.01100361067801714,0.00995724555104971,13.0,4.0,0.0,1.0,0.32736730575561523,0.5493040084838867,0.23247598111629486,0.00830349326133728,0.025079332292079926,0.007808430586010218,0.02944439835846424,0.08906621485948563,0.003386502852663398,0.10253436863422394,0.027502207085490227,0.1296403408050537,0.0,0.0012869199272245169,0.0,0.0,0.0,0.0011377657065168023,0.3898591101169586,0.41012072563171387,1.2936713695526123,0.3543563485145569,0.6275690793991089,0.029029646888375282,0.00034811641671694815,1.0307699538369572,0.27437103150255787,3.4686752867097854,1,1.0258869940442865,False,1.0447195198135726,1.1625915274041352,1.920133066664835,1.7472038900513616,1.7073891992515031,1.7472038900513616,1.4173904512535527,1.3249729304957911,1.2683953368268386,0.955557380945242,0.9063712116836006,0.7683702548922108,0.5699051563861054,0.2960768427273132,25813155.509861946,24484454.312630653,20756535.687124252,15395255.921852112,7998135.681427002,0.04735030005122519,0.021130744111935218,0.0062645840753853535,0.0019412002174867941,0.0003898526300421255,0.4972788495871629,1.4994547790071313,2.495412249151159,3.7299311138773072,9.011975731691818,1.4636275939418903,1.8703335895900797,1.7497770394675933,1.701416919089556,1.666157550729676,1.6310691736127187
11,11,13.0,13.0,1.0,0.25,0.0,67.23666280508041,0.7677255272865295,1600,400,4800,0.00024763942540323767,0.00012381971270161883,0.00024763942540323767,135.71150597199994,202.83220248999987,0.8135824203491211,0.619046688079834,0.26501956582069397,0.16373927891254425,0.12325578182935715,0.11903903633356094,1.5082378387451172,0.32083362340927124,0.9023688435554504,2.2992401123046875,4.380000114440918,0.4164326786994934,0.4996790587902069,0.38897883892059326,2.6971819400787354,0.7122857570648193,0.7998546361923218,0.010275186970829964,0.8110945820808411,0.9551533460617065,0.22807030379772186,1.7612160444259644,0.33205446600914,0.32090792059898376,0.03776843100786209,0.3980092406272888,1.0,0.2715487778186798,3.1978511810302734,1.0,0.0,0.08640281856060028,0.31169626116752625,1.0,0.01149551011621952,0.010542738251388073,13.0,4.0,0.0,1.0,0.32083362340927124,0.5414214730262756,0.22992408275604248,0.008328650146722794,0.02498396299779415,0.007779586594551802,0.02771778032183647,0.08806079626083374,0.003320544958114624,0.0995023101568222,0.02715487964451313,0.12791413068771362,0.0,0.0012960417661815882,0.0,0.0,0.0,0.0011829414870589972,0.3912421762943268,0.4028122127056122,1.2954354286193848,0.3571828007698059,0.6275774240493774,0.03012489713728428,0.000346936663845554,1.011150206729487,0.2762564532025315,3.4560148680494196,0,1.011150206729487,False,1.0243494261790547,1.1465911722502877,1.964610023567239,1.714862662303536,1.7319715667117601,1.714862662303536,1.3751415768646416,1.3068512209656047,1.2579203729603743,0.9520742277694509,0.9012081355147317,0.7609509243167734,0.559150145981307,0.28443470045839897,24749303.650113463,23427032.41748476,19781026.4572258,14535186.800842285,7393920.100921631,0.04684835299063221,0.020693733158303453,0.006096363766800792,0.0018698530957256545,0.00036995095219695645,0.45415198908156124,1.4088793839254914,2.5219940360956277,3.9829569375293543,9.457000545198785,1.4287479982355678,1.882840147994901,1.758367755900833,1.7061856036162262,1.6621822711403003,1.6100224809595387
12,12,13.0,13.0,1.0,0.25,0.0,67.58635646104813,0.78615802526474,1600,400,5200,0.00023846557715462258,0.00011923278857731129,0.00023846557715462258,136.1528070139998,203.25359402999993,0.7934406995773315,0.6046561002731323,0.2627124488353729,0.16098515689373016,0.1212773323059082,0.11719903349876404,1.4892525672912598,0.31560903787612915,0.8951755166053772,2.2729036808013916,4.364999771118164,0.41652461886405945,0.5012235045433044,0.38855233788490295,2.5413424968719482,0.7122857570648193,0.799882709980011,0.01012518722563982,0.809710681438446,0.9691579341888428,0.2204154133796692,1.7530556917190552,0.324197918176651,0.32090818881988525,0.03773589804768562,0.39012861251831055,1.0,0.2687196433544159,3.143920421600342,1.0,0.0,0.08632799237966537,0.31169575452804565,1.0,0.011573366820812225,0.010672948323190212,13.0,4.0,0.0,1.0,0.31560903787612915,0.5371052622795105,0.22729052603244781,0.008330486714839935,0.02506118267774582,0.007771044969558716,0.025734463706612587,0.087652787566185,0.0032419790513813496,0.09753215312957764,0.026871975511312485,0.12575691938400269,0.0,0.0012949204538017511,0.0,0.0,0.0,0.0011912810150533915,0.3930175304412842,0.3985476493835449,1.2938499450683594,0.3584936857223511,0.6275668740272522,0.030689436942338943,0.00036660805926658213,1.0093439843209548,0.2675068005588671,3.4074454373005754,0,1.0093439843209548,False,1.0225357712464445,1.145792725245774,1.9285264366891797,1.7141813827562533,1.716255280279551,1.7141813827562533,1.3549669126448725,1.2932775433105355,1.2476781837455584,0.95490131293463,0.9049238679865981,0.7665658438378923,0.5636587292021141,0.2851464701874332,24734191.18416071,23439657.747567654,19855859.32274437,14600087.550262451,7385964.615997314,0.045964970215133204,0.02043402806183774,0.006105606640898845,0.0018878275359929316,0.00036963630116383124,0.467856346102787,1.3947581859375782,2.4790736320378772,3.981034657898001,9.928041086976672,1.422203991549365,1.8692844677355058,1.745457395424905,1.6941457529396489,1.6521766872999537,1.6027964613793821
13,13,13.0,13.0,1.0,0.25,0.0,67.93601274490356,0.8035930395126343,1600,400,5600,0.00022876656877945754,0.00011438328438972877,0.00022876656877945754,136.02806188999966,202.17668032999973,0.7673031687736511,0.5870875716209412,0.2597581148147583,0.1581481248140335,0.11906062066555023,0.11515264958143234,1.4685437679290771,0.3096280097961426,0.8833451867103577,2.259718179702759,4.40749979019165,0.4152625799179077,0.5002954602241516,0.38597753643989563,2.4634501934051514,0.7122855186462402,0.7998342514038086,0.009975188411772251,0.8091459274291992,0.9868913292884827,0.22529655694961548,1.7460682392120361,0.320149689912796,0.3209080100059509,0.037645380944013596,0.37887823581695557,1.0,0.2651180922985077,3.107084035873413,1.0,0.0,0.08680035173892975,0.3116946816444397,1.0,0.011778006330132484,0.010916575789451599,13.0,4.0,0.0,1.0,0.3096280097961426,0.5300072431564331,0.22597162425518036,0.008305254392325878,0.025014780461788177,0.00771954795345664,0.024575049057602882,0.08730340749025345,0.003201497020199895,0.09471955895423889,0.026511790230870247,0.1242833212018013,0.0,0.001302005141042173,0.0,0.0,0.0,0.001237712916918099,0.3928329646587372,0.39614859223365784,1.290488600730896,0.3545816242694855,0.6275750398635864,0.03065953031182289,0.00041719406726770103,1.009280958949727,0.26747577471994904,3.396617229161521,1,1.0093439843209548,False,1.0222870022725297,1.1457874766168838,1.8869907891559048,1.7318383258734633,1.697767896592249,1.7318383258734633,1.3751484591556966,1.2938661535879197,1.2452552610503422,0.9551224337709894,0.9048755585397,0.7645186008771073,0.5625736243025552,0.2872813925937636,24736829.214846015,23435479.432631493,19800357.93610573,14570161.031822205,7440334.865905762,0.04627840197550505,0.02061392979002707,0.006090464059929694,0.0018649760047122139,0.0003705015915049255,0.4765100403351139,1.436433564939866,2.5455622090643053,3.6753442242785312,8.520969070154823,1.4260206375273965,1.8708146793812643,1.7456738293991456,1.6918733714234078,1.6459837853602761,1.5928124810347037
14,14,13.0,13.0,1.0,0.25,0.0,68.2469961643219,0.819725751876831,1600,400,6000,0.00021860531012961665,0.00010930265506480832,0.00021860531012961665,136.59355025099967,203.59805585999993,0.7529042363166809,0.5839993357658386,0.25852397084236145,0.15688283741474152,0.11811060458421707,0.1142742857336998,1.4568108320236206,0.3071955740451813,0.8780547976493835,2.236776113510132,4.367499828338623,0.41716712713241577,0.4986806809902191,0.3858916461467743,2.460587501525879,0.7122854590415955,0.7998908162117004,0.009825186803936958,0.8076897263526917,1.0107134580612183,0.23030583560466766,1.732926607131958,0.31457436084747314,0.32090815901756287,0.037772390991449356,0.37411749362945557,1.0,0.2637006640434265,3.0735890865325928,1.0,0.0,0.08654426038265228,0.31169629096984863,1.0,0.011931104585528374,0.011105811223387718,13.0,4.0,0.0,1.0,0.3071955740451813,0.5268328189849854,0.2236776053905487,0.008343340829014778,0.02493404410779476,0.007717834319919348,0.02417672984302044,0.08664638549089432,0.0031457417644560337,0.09352937340736389,0.026370074599981308,0.12294360250234604,0.0,0.0012981639010831714,0.0,0.0,0.0,0.0012572348350659013,0.393059104681015,0.39499416947364807,1.2886908054351807,0.35725054144859314,0.6275665760040283,0.03172706067562103,0.0004049520939588547,1.001078358377759,0.2648221684261802,3.3664206401663126,0,1.001078358377759,False,1.0138178142482757,1.1384176003581878,1.9148212541825809,1.7050632251832774,1.7042677821486218,1.7050632251832774,1.3471987217732648,1.287461637586904,1.235459187620304,0.9545211455509202,0.9042994813981982,0.7652131644242824,0.5643958633853423,0.2902965672087933,24321061.40620339,23041420.63190174,19497521.2938385,14380725.366622925,7396714.750640869,0.04536461604393032,0.020132671034862076,0.005947691153649134,0.0018335109013996936,0.00036751240669023614,0.44687879957824583,1.390076914053856,2.5077278061006614,3.957770641610061,9.385463113722269,1.4061045292956156,1.8824260845001035,1.755404060259266,1.7006912153204445,1.6524381653220468,1.5975016412497547
15,15,13.0,13.0,1.0,0.25,0.0,68.55583214759827,0.8353316783905029,1600,400,6400,0.0002080477093115569,0.00010402385465577844,0.0002080477093115569,137.1445307969998,203.40192405800008,0.7334047555923462,0.573611855506897,0.25689882040023804,0.15607210993766785,0.11787661910057068,0.11404085159301758,1.4452989101409912,0.30535146594047546,0.872138500213623,2.2119085788726807,4.375,0.4181237816810608,0.5001158118247986,0.38433021306991577,2.3622238636016846,0.712285578250885,0.7998946309089661,0.00967518799006939,0.807195782661438,1.0288273096084595,0.23573634028434753,1.717006802558899,0.3116249144077301,0.32090824842453003,0.03769773244857788,0.370739609003067,1.0,0.26202499866485596,3.060270071029663,1.0,0.0,0.08656099438667297,0.31169673800468445,1.0,0.01210148073732853,0.011316520161926746,13.0,4.0,0.0,1.0,0.30535146594047546,0.5232829451560974,0.22119098901748657,0.008362478576600552,0.025005795061588287,0.00768659170717001,0.022855835035443306,0.08585035055875778,0.0031162502709776163,0.09268490225076675,0.026202499866485596,0.12241082638502121,0.0,0.0012984139611944556,0.0,0.0,0.0,0.001262456877157092,0.39205804467201233,0.390129417181015,1.2912167310714722,0.3556325435638428,0.6275614500045776,0.03286837786436081,0.00043605981045402586,0.9979046470319977,0.2671843384518498,3.3851465455632663,0,0.9979046470319977,False,1.0108321232008655,1.135544097743717,1.940544258872651,1.6951916030405882,1.704531706061463,1.6951916030405882,1.3301535118445615,1.2874172167537914,1.2343804523213175,0.9529224062438536,0.9020773261573168,0.7629839376868301,0.5628480073405009,0.2871648252559619,24126618.318562746,22839294.363761425,19317650.762693405,14250498.210021973,7270598.411865234,0.04544611066150975,0.020006338645062308,0.005907691141063092,0.0018256839569507043,0.00036118005464859143,0.4423263978980691,1.3615788539502822,2.5044175342822466,4.025907074638309,9.885389745676546,1.404054800628304,1.8832054305506036,1.755742255226245,1.7010705225347655,1.6537908583553875,1.596476796623468
16,16,13.0,13.0,1.0,0.25,0.0,68.87371063232422,0.8484996557235718,1600,400,6800,0.00019716224519218111,9.858112259609056e-05,0.00019716224519218111,136.85419834299955,203.68175054199946,0.7292835116386414,0.5681591033935547,0.25487735867500305,0.15377025306224823,0.11605261266231537,0.11234515905380249,1.430802583694458,0.301374226808548,0.8642657995223999,2.2022361755371094,4.382499694824219,0.4189116656780243,0.49737468361854553,0.3838259279727936,2.3775317668914795,0.7122857570648193,0.7999402284622192,0.009525187313556671,0.8091994524002075,1.0903732776641846,0.230163112282753,1.7136765718460083,0.30954018235206604,0.32090818881988525,0.037823013961315155,0.3627142608165741,1.0,0.2596890330314636,3.009075880050659,1.0,0.0,0.08606351912021637,0.31169605255126953,1.0,0.012462948448956013,0.01174946129322052,13.0,4.0,0.0,1.0,0.301374226808548,0.5185597538948059,0.22022373974323273,0.008378232829272747,0.024868721142411232,0.007676516659557819,0.02264040894806385,0.08568383753299713,0.0030954007524996996,0.09067856520414352,0.02596891112625599,0.12036308646202087,0.0,0.0012909534852951765,0.0,0.0,0.0,0.0012994983699172735,0.39034944772720337,0.38806185126304626,1.2909785509109497,0.359030157327652,0.6275720596313477,0.03226703405380249,0.0004583593108691275,0.9983090684177645,0.26316609936782615,3.329089407689224,1,0.9979046470319977,False,1.0112204785670562,1.136130843649252,1.9170080942533254,1.6998919780988944,1.6891151622670273,1.6998919780988944,1.3533993722021407,1.289026694749186,1.2304574459302031,0.9545171289731617,0.9046664151833163,0.7659937008845813,0.5666055966178754,0.29049855048611417,24186586.706144094,22923415.438868523,19409576.319217682,14357265.024177551,7360966.258300781,0.044850200936149755,0.019922956121284127,0.00590206675384598,0.0018272572121163302,0.0003631072922264833,0.45736757767624175,1.4340340656971147,2.468329335614743,3.7297444994449105,9.30612407956827,1.4179470194720125,1.8557503396597927,1.7308177495528918,1.6789747577288425,1.6363978664068894,1.5884266667355675
17,17,13.0,13.0,1.0,0.25,0.0,69.15269213914871,0.8599830269813538,1600,400,7200,0.00018601952323019644,9.300976161509822e-05,0.00018601952323019644,126.00870273999953,172.74046473999988,0.7037981152534485,0.5477935671806335,0.2526611387729645,0.1518266350030899,0.11437663435935974,0.1107868105173111,1.4150034189224243,0.296407014131546,0.8555812835693359,2.1944267749786377,4.394999980926514,0.41904330253601074,0.49860048294067383,0.3836008310317993,2.239699125289917,0.7122853398323059,0.8000011444091797,0.009375188499689102,0.8071675896644592,1.1202032566070557,0.22774021327495575,1.7071300745010376,0.3046974241733551,0.3209078907966614,0.0377325564622879,0.35264167189598083,1.0,0.2571949362754822,3.006190538406372,1.0,0.0,0.08626975119113922,0.31169623136520386,1.0,0.012549670413136482,0.011858511716127396,13.0,4.0,0.0,1.0,0.296407014131546,0.5133486986160278,0.21944260597229004,0.008380871266126633,0.024930013343691826,0.007672020699828863,0.020997975021600723,0.08535651862621307,0.0030469747725874186,0.08816041797399521,0.025719502940773964,0.12024755030870438,0.0,0.0012940466403961182,0.0,0.0,0.0,0.0013107225531712174,0.3897370398044586,0.3865939676761627,1.288933515548706,0.35669028759002686,0.6275681257247925,0.03279401361942291,0.000426621176302433,0.9959091233857897,0.26274909934508334,3.2956770665285138,0,0.9959091233857897,False,1.0092575719188,1.1343326094006254,1.8969915316100816,1.6997068971981737,1.6817425392382923,1.6997068971981737,1.3342834605714669,1.275962567616163,1.221137110036796,0.9545336839640968,0.9042266017631082,0.7641997261546593,0.5658157924603103,0.29150345795601523,24070854.365631223,22802240.72782755,19271127.487226486,14268401.175247192,7350958.275665283,0.044968903038396235,0.019964450726277515,0.005848025438906726,0.0018131765783839775,0.00036204534498968577,0.4710514178451082,1.3710941257152516,2.516715117040829,3.791994074632351,8.90955508300307,1.4036453079903062,1.8691345854910801,1.7406876397608448,1.684569347684994,1.634361803212349,1.5811454548047394
18,18,13.0,13.0,1.0,0.25,0.0,69.42692130804062,0.8745415806770325,1600,400,7600,0.0001746918175139415,8.734590875697075e-05,0.0001746918175139415,103.68509968199942,150.48996365499988,0.7001736164093018,0.5512577295303345,0.25157618522644043,0.15071330964565277,0.11365661025047302,0.11010105907917023,1.4017515182495117,0.2949470281600952,0.8495959043502808,2.1426174640655518,4.362499713897705,0.41974860429763794,0.4978194236755371,0.3817475438117981,2.2374768257141113,0.712285041809082,0.7999210953712463,0.00922518689185381,0.8087111711502075,1.1456775665283203,0.2337656021118164,1.703574299812317,0.3031073808670044,0.3209080696105957,0.03772619739174843,0.3481203615665436,1.0,0.25619831681251526,2.976491928100586,1.0,0.0,0.08689681440591812,0.31169694662094116,1.0,0.012682531028985977,0.012090933509171009,13.0,4.0,0.0,1.0,0.2949470281600952,0.5097576975822449,0.21426180005073547,0.008394970558583736,0.024890989065170288,0.007634947542101145,0.02064194157719612,0.08517873287200928,0.0030310743022710085,0.0870300903916359,0.02561984211206436,0.119059719145298,0.0,0.001303452649153769,0.0,0.0,0.0,0.001365320640616119,0.3879946172237396,0.38206666707992554,1.2911657094955444,0.35745567083358765,0.6275560259819031,0.034803152084350586,0.0004604269051924348,1.0028362638312565,0.2634198451372049,3.2787235883281265,1,0.9959091233857897,False,1.0166212369376586,1.1398539230414686,1.8605844535789617,1.6973893756488332,1.6681321911260414,1.6973893756488332,1.3602052009839123,1.276816173810041,1.2237293468646313,0.9547727086863076,0.9050117141279976,0.7666860526651595,0.5690988920115377,0.29929144268638513,24412984.8694216,23140625.075109005,19603718.07135582,14551528.8753891,7652708.7498168945,0.04516571725961605,0.020052159701761166,0.0058984089355858995,0.0018151824787201506,0.0003676697322067987,0.46938143447135006,1.4789008408224278,2.476225447071873,3.5533581359582254,8.376445162354141,1.4279205819436045,1.852019707338558,1.7284300982657212,1.6782348028298686,1.6394404937395948,1.5941558853010063
19,19,13.0,13.0,1.0,0.25,0.0,69.6836508512497,0.8883968591690063,1600,400,8000,0.0001632526019761237,8.162630098806185e-05,0.0001632526019761237,103.27565931899971,150.14298982800028,0.6870951652526855,0.5387340188026428,0.24935609102249146,0.14900076389312744,0.11214283853769302,0.10864916443824768,1.3841978311538696,0.2909383773803711,0.8399350047111511,2.1188113689422607,4.362499713897705,0.41888347268104553,0.5001417398452759,0.3817342221736908,2.1681103706359863,0.7122857570648193,0.79991215467453,0.009075187146663666,0.8092300891876221,1.1640700101852417,0.24115341901779175,1.685396432876587,0.30114617943763733,0.32090792059898376,0.03772478178143501,0.3395881652832031,1.0,0.2535947561264038,2.9471068382263184,1.0,0.0,0.08637820184230804,0.3116970956325531,1.0,0.012812918983399868,0.012241112999618053,13.0,4.0,0.0,1.0,0.2909383773803711,0.5039604902267456,0.21188104152679443,0.00837767031043768,0.02500707097351551,0.007634688634425402,0.01967986673116684,0.08426979929208755,0.003011461813002825,0.08489704132080078,0.02535947784781456,0.11788427829742432,0.0,0.0012956724967807531,0.0,0.0,0.0,0.0013748615747317672,0.38808003067970276,0.37932267785072327,1.291209101676941,0.3591325581073761,0.6275609731674194,0.03485199436545372,0.0004541365196928382,0.9947915830307246,0.2621877941937715,3.307505011121328,0,0.9947915830307246,False,1.0073113310423547,1.1327896728706954,1.8715457243642812,1.690252232981434,1.6745340018444659,1.690252232981434,1.3289383922211204,1.2727891492752197,1.2185195790473968,0.9539092874268628,0.9035612414350891,0.7654874741618072,0.5680290906486446,0.2985191037030089,24001153.040886283,22734354.22355032,19260303.113096237,14292085.543174744,7510989.5542907715,0.044755254986904226,0.0197144211490804,0.0057924502001809874,0.001788043827113102,0.0003665684535908605,0.44851371145573327,1.384926254841639,2.5238843455798605,3.8551265772979755,8.745552594940907,1.4046164924356395,1.876095974405213,1.747078748902746,1.6924688815094822,1.6451369576464239,1.586639014792225
20,20,13.0,13.0,1.0,0.25,0.0,69.92504477500916,0.8971834182739258,1600,400,8400,0.00015177607382610772,7.588803691305386e-05,0.00015177607382610772,104.68625677300042,151.62448067900004,0.6729575991630554,0.5271378755569458,0.2494550198316574,0.14905713498592377,0.11236473172903061,0.10892227292060852,1.3871160745620728,0.2904209792613983,0.8416449427604675,2.1458470821380615,4.404999732971191,0.4198983907699585,0.49769920110702515,0.38146334886550903,2.1427953243255615,0.7122855186462402,0.7998536229133606,0.008925186470150948,0.8081480860710144,1.1724098920822144,0.2368563860654831,1.6885182857513428,0.2998085021972656,0.3209080398082733,0.037782106548547745,0.33995479345321655,1.0,0.25349757075309753,2.9506657123565674,1.0,0.0,0.08648412674665451,0.31169530749320984,1.0,0.012997318990528584,0.012457388453185558,13.0,4.0,0.0,1.0,0.2904209792613983,0.5049870014190674,0.21458475291728973,0.008397964760661125,0.02488495223224163,0.007629263214766979,0.019124379381537437,0.0844259113073349,0.0029980861581861973,0.08498869836330414,0.025349754840135574,0.11802660673856735,0.0,0.0012972612166777253,0.0,0.0,0.0,0.0013685295125469565,0.3877239525318146,0.3778512477874756,1.288333535194397,0.3617378771305084,0.6275730133056641,0.035867832601070404,0.00045087773469276726,0.9994642962732729,0.2603384499076762,3.256141824771811,1,0.9947915830307246,False,1.0130629675732017,1.1372909579328951,1.8685667468142482,1.6959264735492334,1.672526032381902,1.6959264735492334,1.357197826399782,1.2776533178733818,1.2236882997180576,0.9553692382821863,0.906068098732831,0.7693016386962761,0.5737451535916651,0.3018845694287794,24264237.45064044,23012099.001255512,19538537.441352844,14571841.006660461,7667191.4708862305,0.04441905035800994,0.019710959987716024,0.005816599666973347,0.0018156544552698384,0.00037065891702148815,0.46809824459054306,1.4260620395292143,2.5043487495402417,3.672579055325751,8.680088472992729,1.4118878639846193,1.8570649074471317,1.7305967402428366,1.6782481114850696,1.6350615618445903,1.5860958583706453
21,21,13.0,13.0,1.0,0.25,0.0,70.15457701683044,0.9069243669509888,1600,400,8800,0.00014033667229087642,7.016833614543821e-05,0.00014033667229087642,103.46216369800004,150.71928923500036,0.6743243336677551,0.5308404564857483,0.24728983640670776,0.14708466827869415,0.1107451394200325,0.10734350234270096,1.3726252317428589,0.28733503818511963,0.8333040475845337,2.12621808052063,4.384999752044678,0.42108145356178284,0.5007213354110718,0.3803761303424835,2.1078827381134033,0.7122857570648193,0.7998976707458496,0.008775187656283379,0.8078793287277222,1.2020927667617798,0.24292804300785065,1.6827138662338257,0.29720625281333923,0.3209080696105957,0.03777668997645378,0.33350470662117004,1.0,0.2514309287071228,2.9049503803253174,1.0,0.0,0.08640897274017334,0.31169578433036804,1.0,0.01315025333315134,0.012669721618294716,13.0,4.0,0.0,1.0,0.28733503818511963,0.4999825060367584,0.21262182295322418,0.008421630598604679,0.02503608725965023,0.007607520092278719,0.01849936693906784,0.08413569629192352,0.0029720610473304987,0.08337617665529251,0.025143088772892952,0.11619804799556732,0.0,0.0012961351312696934,0.0,0.0,0.0,0.001394885592162609,0.38734081387519836,0.3775407373905182,1.2880772352218628,0.35853296518325806,0.6275669932365417,0.03628310188651085,0.0004670619382523,0.9922697788484495,0.2605514378363357,3.277221863027586,0,0.9922697788484495,False,1.0056237828153904,1.1317188407323489,1.8683970967289933,1.6941397156989295,1.6718629865900831,1.6941397156989295,1.3405395427654547,1.278706953312151,1.22356448685295,0.9544025479558124,0.9042493858780384,0.7659120202953599,0.5666349764334878,0.293392891703233,23891969.072631717,22636463.41642475,19173404.702709198,14184816.83794403,7344630.323669434,0.044479581350507405,0.019692198919865934,0.005822420711086163,0.0017992139387890465,0.00036114072326945076,0.47537349088257214,1.3592389626900148,2.467365192244149,3.8419808496830514,9.000688607320615,1.396548853134782,1.8573488524289445,1.7305350801423096,1.6771622807756486,1.630349560363858,1.5757874437382509
22,22,13.0,13.0,1.0,0.25,0.0,70.36005699634552,0.9152631759643555,1600,400,9200,0.0001290085957862138,6.45042978931069e-05,0.0001290085957862138,103.80498747299953,150.82534849199965,0.6662487387657166,0.5219913125038147,0.24550580978393555,0.14525461196899414,0.10941425710916519,0.1060958057641983,1.3583478927612305,0.2839610278606415,0.8262127637863159,2.1019418239593506,4.380000114440918,0.42089352011680603,0.4999781548976898,0.38027018308639526,2.0649664402008057,0.7122855186462402,0.7999211549758911,0.008625187911093235,0.8073595762252808,1.235473871231079,0.2436659038066864,1.6723003387451172,0.29367929697036743,0.32090792059898376,0.03768952935934067,0.32535305619239807,1.0,0.2492304891347885,2.888009786605835,1.0,0.0,0.08662471920251846,0.31169623136520386,1.0,0.013490129262208939,0.013139215297996998,13.0,4.0,0.0,1.0,0.2839610278606415,0.49572744965553284,0.21019403636455536,0.008417874574661255,0.02499891258776188,0.007605402730405331,0.01781030185520649,0.08361506462097168,0.0029367904644459486,0.08133826404809952,0.024923034012317657,0.11552032083272934,0.0,0.0012993712443858385,0.0,0.0,0.0,0.0014400879153981805,0.38773852586746216,0.3743593096733093,1.290486454963684,0.35970813035964966,0.6275664567947388,0.03660200536251068,0.0004812725237570703,1.0014490165178753,0.25982071960735387,3.2255573767260084,1,0.9922697788484495,False,1.015059435402833,1.139159527585336,1.8839366480122735,1.7030727519546467,1.688655534096741,1.7030727519546467,1.3502107626565412,1.2880478018316979,1.2333355250856683,0.9551906209584198,0.9065812422140233,0.7731740710939774,0.581077733306727,0.30982248540964386,24356145.688982964,23116668.369407177,19714955.219738007,14816742.981460571,7900079.237365723,0.04387352412932913,0.01938706608049277,0.0057650362289199545,0.0018220261386906237,0.0003793904831907125,0.4680040309064771,1.3859682450781297,2.522238627068915,3.8436387441290467,8.850508996919507,1.4052954006407645,1.8698512820607178,1.7417045196905998,1.6895491207318365,1.6447611148306627,1.5913435820801276
23,23,13.0,13.0,1.0,0.25,0.0,70.56368571519852,0.9211419224739075,1600,400,9600,0.00011786532064984039,5.8932660324920195e-05,0.00011786532064984039,103.56502869399992,150.37970650100033,0.6581399440765381,0.5186599493026733,0.24463103711605072,0.14429673552513123,0.10877099633216858,0.10550536960363388,1.3486117124557495,0.2822609543800354,0.8219573497772217,2.074188470840454,4.369999885559082,0.4215310513973236,0.5007690191268921,0.3797829747200012,2.037546157836914,0.7122856974601746,0.7998713254928589,0.008475186303257942,0.8082317113876343,1.2442079782485962,0.23951831459999084,1.6665077209472656,0.29242613911628723,0.32090824842453003,0.03773052245378494,0.3211071193218231,1.0,0.2482902705669403,2.869161605834961,1.0,0.0,0.08655154705047607,0.31169694662094116,1.0,0.01342038158327341,0.01303329598158598,13.0,4.0,0.0,1.0,0.2822609543800354,0.49317482113838196,0.20741884410381317,0.008430617861449718,0.025038454681634903,0.007595655974000692,0.017273245379328728,0.08332538604736328,0.0029242616146802902,0.08027677983045578,0.024829016998410225,0.11476647108793259,0.0,0.0012982739135622978,0.0,0.0,0.0,0.0014427670976147056,0.3866676986217499,0.37418806552886963,1.2867542505264282,0.3608126640319824,0.6275650858879089,0.03741408884525299,0.00047228342737071216,0.9924804466835617,0.2589380803560269,3.2414027438493926,2,0.9922697788484495,False,1.0055226190772555,1.1313805035952909,1.8507465375877465,1.685267016031324,1.6614784322761798,1.685267016031324,1.3361472983868372,1.2718164350024355,1.214771469382353,0.9548470644047639,0.9049465100594057,0.76723474925832,0.5713470675879986,0.3030359676572652,23913247.607985735,22663535.10813093,19214673.44501114,14308850.50251007,7589251.094604492,0.04421256061752153,0.019556584324588972,0.0057403361228196255,0.001774317175793015,0.0003668831046239857,0.4653796984097023,1.3910329314693364,2.4757018376401634,3.7729391021719447,8.751597891222701,1.3976924720052533,1.8549827675840824,1.7272260486232918,1.6727909799350285,1.6274018877960892,1.5767595270289008
24,24,13.0,13.0,1.0,0.25,0.0,70.7480458021164,0.9300554990768433,1600,400,10000,0.00010697912455810288,5.348956227905144e-05,0.00010697912455810288,103.66374078799981,150.86478597399946,0.658207356929779,0.5164492130279541,0.24338139593601227,0.14334535598754883,0.10798464715480804,0.10474389791488647,1.3368289470672607,0.28052467107772827,0.8124076128005981,2.0582735538482666,4.34499979019165,0.4216426610946655,0.5012645721435547,0.3789394199848175,2.042743444442749,0.7122854590415955,0.7998788952827454,0.008325187489390373,0.8085829019546509,1.259436845779419,0.24368418753147125,1.6590670347213745,0.29232653975486755,0.3209081292152405,0.03771689161658287,0.31558820605278015,1.0,0.24679996073246002,2.854966640472412,1.0,0.0,0.08664356917142868,0.3116961121559143,1.0,0.013627870008349419,0.013294074684381485,13.0,4.0,0.0,1.0,0.28052467107772827,0.48744481801986694,0.20582729578018188,0.008432850241661072,0.02506323717534542,0.007578789256513119,0.017005382105708122,0.08295338600873947,0.0029232646338641644,0.07889705151319504,0.024680014699697495,0.11419869214296341,0.0,0.0012996532022953033,0.0,0.0,0.0,0.0014648981159552932,0.38594165444374084,0.3714405596256256,1.2899210453033447,0.36225011944770813,0.6275767087936401,0.037687793374061584,0.0005045998841524124,0.9969031738872967,0.2580292699483394,3.227837687131374,3,0.9922697788484495,False,1.010404949515737,1.1351337118447704,1.873024361595951,1.6897859271546982,1.6755603952043674,1.6897859271546982,1.3554706041429037,1.2875254309935074,1.2336979584731942,0.9552832481748024,0.9065403493349573,0.7726596598549111,0.5804675557347176,0.30860921118266754,24137870.020965457,22906246.040445328,19523380.60533905,14667116.207138062,7797864.184295654,0.043583179888512846,0.019261048341726126,0.005716304650164689,0.00180365838463194,0.0003793904831907125,0.45512175146502043,1.3622644672579722,2.524255304610591,3.934335593729307,8.975124033091193,1.3966138799609915,1.8768257168190474,1.7509581418122797,1.6966272102140898,1.6487020493693079,1.5888660040949742
25,25,13.0,13.0,1.0,0.25,0.0,70.92244225740433,0.9369962811470032,1600,400,10400,9.642061771743828e-05,4.821030885871914e-05,9.642061771743828e-05,103.95475935800005,150.78103805200044,0.654098629951477,0.512412965297699,0.24216394126415253,0.14302729070186615,0.10774561017751694,0.10452508926391602,1.3325942754745483,0.27960366010665894,0.8109158277511597,2.0537517070770264,4.382499694824219,0.4235672950744629,0.49915778636932373,0.37915122509002686,2.036611318588257,0.7122852206230164,0.7998159527778625,0.00817518588155508,0.8066572546958923,1.3083564043045044,0.23993635177612305,1.649456262588501,0.2915857136249542,0.3209081292152405,0.03770819306373596,0.3134235441684723,1.0,0.24548514187335968,2.8453211784362793,1.0,0.0,0.08637650310993195,0.311696857213974,1.0,0.014063827693462372,0.01387946680188179,13.0,4.0,0.0,1.0,0.27960366010665894,0.4865495562553406,0.2053750902414322,0.008471347391605377,0.024957889690995216,0.007583023048937321,0.016652442514896393,0.0824727714061737,0.0029158571269363165,0.07835588604211807,0.02454851008951664,0.11381283402442932,0.0,0.0012956480495631695,0.0,0.0,0.0,0.0014908730518072844,0.384709894657135,0.37079918384552,1.2883999347686768,0.3607430160045624,0.6275730133056641,0.03794730827212334,0.0005036480724811554,0.986715909988786,0.2594684079495719,3.2451515157997206,0,0.986715909988786,False,1.0001123960566696,1.1269918488010942,1.8588915665871517,1.6798393926822854,1.6626767934265698,1.6798393926822854,1.32615075758432,1.2682822819872082,1.2125614871954682,0.9533682042761694,0.9030028060928356,0.765964247974983,0.5706142551494348,0.2984495690334187,23599660.234392524,22352916.028570175,18960665.903081894,14124975.519454956,7387815.530975342,0.04393079061735791,0.019283585221973716,0.005674613388275599,0.0017657036037612127,0.00036074740947804427,0.4595249269408516,1.368049596404586,2.473248588375558,3.8013619916759205,8.916506189389255,1.3898282417694043,1.8517608291169132,1.7238967173395097,1.669923816687348,1.6243762551055374,1.571112507548635
26,26,13.0,13.0,1.0,0.25,0.0,71.06614154577255,0.9411455988883972,1600,400,10800,8.625828487140662e-05,4.312914243570331e-05,8.625828487140662e-05,104.01576817700061,150.65493162000075,0.6438027024269104,0.5065510272979736,0.2409704327583313,0.1418570876121521,0.1068667471408844,0.10367127507925034,1.3244383335113525,0.27723005414009094,0.8063969016075134,2.0472896099090576,4.367499828338623,0.4236973524093628,0.5019006133079529,0.3782532811164856,1.9851914644241333,0.712285578250885,0.7999394536018372,0.008025185205042362,0.8078325986862183,1.2989475727081299,0.23984216153621674,1.6618059873580933,0.2888587415218353,0.3209080398082733,0.03766586631536484,0.3070787489414215,1.0,0.2440635859966278,2.8280441761016846,1.0,0.0,0.08650334179401398,0.3116961419582367,1.0,0.013993541710078716,0.013754717074334621,13.0,4.0,0.0,1.0,0.27723005414009094,0.48383787274360657,0.20472896099090576,0.008473951369524002,0.025095047429203987,0.0075650629587471485,0.01593322865664959,0.08309024572372437,0.00288858893327415,0.07676968723535538,0.02440638281404972,0.11312176287174225,0.0,0.0012975502759218216,0.0,0.0,0.0,0.0014802186051383615,0.3832305371761322,0.3698504567146301,1.289389967918396,0.36256143450737,0.6275734305381775,0.039469894021749496,0.0004975443589501083,0.9903458247678232,0.25734341907421754,3.215027107951144,1,0.986715909988786,False,1.003930834054427,1.1298320290845745,1.8634883963293989,1.6777921251232844,1.6664932981658187,1.6777921251232844,1.3432512010547624,1.276265862931185,1.2234360926895764,0.9548603833082838,0.9053771951526814,0.7691195497700302,0.5749529635432574,0.3046044386061759,23810825.37129128,22576890.470876217,19179108.91409111,14337284.121269226,7595752.449005127,0.04364532346755507,0.019285433796793327,0.005672056848631457,0.001773963193380749,0.0003687316794435963,0.44307765157818196,1.3541299438707444,2.5325039284813315,3.9147641197513683,8.859918546270327,1.387656678893055,1.8726498169357044,1.7450741322349643,1.6902686483002736,1.6397333875764786,1.5798446451393482
27,27,13.0,13.0,1.0,0.25,0.0,71.20696663856506,0.9477925300598145,1600,400,11200,7.655804109393217e-05,3.827902054696608e-05,7.655804109393217e-05,103.93512205699972,150.72003262399994,0.6523944735527039,0.5140841007232666,0.24086055159568787,0.14108806848526,0.10611861944198608,0.1029832735657692,1.315779209136963,0.276512086391449,0.8004170656204224,2.0283682346343994,4.380000114440918,0.4234177768230438,0.49908727407455444,0.37810978293418884,2.028989791870117,0.712285578250885,0.7999078035354614,0.007875186391174793,0.8074033856391907,1.2982529401779175,0.242503821849823,1.6412978172302246,0.29086101055145264,0.3209080100059509,0.03769033029675484,0.3038221597671509,1.0,0.24427106976509094,2.8140788078308105,1.0,0.0,0.08640153706073761,0.3116956353187561,1.0,0.013982364907860756,0.013727746903896332,13.0,4.0,0.0,1.0,0.276512086391449,0.4802502393722534,0.2028370052576065,0.008468357846140862,0.02495437115430832,0.007562197279185057,0.015979813411831856,0.0820649042725563,0.00290861027315259,0.07595553994178772,0.02442709356546402,0.1125631108880043,0.0,0.0012960226740688086,0.0,0.0,0.0,0.001486017368733883,0.3829093873500824,0.36872145533561707,1.291698932647705,0.36306557059288025,0.627564549446106,0.039179909974336624,0.0005222620093263686,0.9984749601802003,0.25823945676389387,3.239207456267278,2,0.986715909988786,False,1.0126665941692714,1.136478493425776,1.8679199009738352,1.6844076204417344,1.6670569523802123,1.6844076204417344,1.3443836136938656,1.2749106780579753,1.2223514510154867,0.9554970312049369,0.9066117247362557,0.7716181674401249,0.5797565888712108,0.310370742568163,24219463.75187397,22980343.30528879,19558593.7227211,14695381.807067871,7867123.291625977,0.04389039729098047,0.019425060192742635,0.005732902492162043,0.0018009051880920946,0.00037659795527172636,0.4811512968303107,1.4144103832011676,2.4580727981898476,3.6948844714054987,9.002276119624065,1.4088192591853022,1.8496640382999783,1.7241978482332068,1.6709720364135991,1.627710152077357,1.581156713978559
28,28,13.0,13.0,1.0,0.25,0.0,71.3316439986229,0.9513244032859802,1600,400,11600,6.738280424997402e-05,3.369140212498701e-05,6.738280424997402e-05,105.01960968099957,152.25760699700004,0.640036404132843,0.5015403032302856,0.23961974680423737,0.14062616229057312,0.1062200590968132,0.10306202620267868,1.3134455680847168,0.2753808796405792,0.8003255128860474,2.0270538330078125,4.375,0.42452993988990784,0.5002025961875916,0.37797191739082336,1.9783947467803955,0.7122854590415955,0.7999053597450256,0.007725186180323362,0.8085209727287292,1.3117414712905884,0.24194344878196716,1.642220377922058,0.2876752018928528,0.3209081292152405,0.037747859954833984,0.30311712622642517,1.0,0.24267388880252838,2.8121402263641357,1.0,0.0,0.08655961602926254,0.3116964101791382,1.0,0.014168070629239082,0.014034923166036606,13.0,4.0,0.0,1.0,0.2753808796405792,0.48019590973854065,0.20270539820194244,0.008490601554512978,0.02501014806330204,0.007559436839073896,0.015285373665392399,0.08211096376180649,0.002876753220334649,0.07577928155660629,0.024267394095659256,0.1124856248497963,0.0,0.0012983938213437796,0.0,0.0,0.0,0.0015108688967302442,0.3818025588989258,0.3673236072063446,1.2934386730194092,0.36435115337371826,0.6275718808174133,0.039556048810482025,0.0005352984881028533,0.9927589955514322,0.2569618491546795,3.2050524372513,3,0.986715909988786,False,1.0061692882059323,1.131643946577534,1.8640401058422003,1.6815528501621217,1.6707342161367529,1.6815528501621217,1.3321982029311692,1.2756341469732324,1.2184986936090638,0.9551221262759921,0.9059999662827012,0.7710829312064521,0.5783043514167865,0.3077006093059667,23933564.975725174,22702655.98973894,19321888.717683792,14491219.907493591,7710398.830993652,0.04354388784075133,0.0192342243411522,0.005685468848918418,0.0017816721436923165,0.00037207484667055156,0.45814255112749813,1.367760394368434,2.49966869441233,3.8631076854112454,9.033352502654733,1.3979822988079018,1.8615698197665482,1.734536730233002,1.679743873253804,1.6327459328702623,1.5782337268046618
29,29,13.0,13.0,1.0,0.25,0.0,71.44386792182922,0.9556381702423096,1600,400,12000,5.8792086896737665e-05,2.9396043448368832e-05,5.8792086896737665e-05,106.00848983099968,153.87793893399976,0.6388318538665771,0.5023424029350281,0.238535076379776,0.13967517018318176,0.10531555116176605,0.10222923010587692,1.3048571348190308,0.27365782856941223,0.7956371903419495,2.01971435546875,4.409999847412109,0.4236655831336975,0.5023576617240906,0.37756091356277466,1.9329081773757935,0.7122856974601746,0.7998713254928589,0.007575186900794506,0.8080794811248779,1.344306468963623,0.2460360825061798,1.6437324285507202,0.2851559519767761,0.3209080100059509,0.03771893307566643,0.2969611585140228,1.0,0.2416737824678421,2.782963991165161,1.0,0.0,0.08639571070671082,0.311696320772171,1.0,0.014280345290899277,0.014150813221931458,13.0,4.0,0.0,1.0,0.27365782856941223,0.4773823022842407,0.20197154581546783,0.008473310619592667,0.025117890909314156,0.007551217917352915,0.014642720110714436,0.08218660950660706,0.0028515595477074385,0.0742402896285057,0.024167396128177643,0.11131855100393295,0.0,0.0012959354789927602,0.0,0.0,0.0,0.0015300757950171828,0.381011426448822,0.3666718900203705,1.2935717105865479,0.36365583539009094,0.6275648474693298,0.03953713923692703,0.0004810619284398854,0.9860213546358949,0.2569456812217162,3.2155151470012697,4,0.986715909988786,False,0.9994723581260723,1.1263715704541515,1.8726878593901868,1.6784257403129093,1.6685272490095373,1.6784257403129093,1.3224023172158421,1.2616828742877024,1.2069991158467106,0.9541532425772089,0.9042059217821996,0.7672761314989486,0.5719652627489964,0.2998204891714071,23585853.514361978,22351198.38860464,18966410.881464005,14138492.95954132,7411306.5099487305,0.0436022949387752,0.019213142721932815,0.005658094209036526,0.0017601185479232402,0.0003598034563786687,0.46637042296649084,1.361371301446844,2.4609130774090784,3.804535244375728,8.75752231990771,1.3898210509089122,1.8519518181150556,1.7229500921077214,1.667773075361935,1.6207234878457715,1.5667610987206118
30,30,13.0,13.0,1.0,0.25,0.0,71.54822063446045,0.9596490859985352,1600,400,12400,5.084161027244481e-05,2.5420805136222406e-05,5.084161027244481e-05,104.51005550800073,151.4178492380006,0.6403599381446838,0.5020950436592102,0.23756295442581177,0.13866549730300903,0.10459434241056442,0.10151690244674683,1.2935477495193481,0.2721620202064514,0.7876383662223816,1.9866111278533936,4.382499694824219,0.42463523149490356,0.5017319321632385,0.37740886211395264,1.959309458732605,0.7122858166694641,0.7998737096786499,0.0074251871556043625,0.8070061206817627,1.3416095972061157,0.24969708919525146,1.6309771537780762,0.2873571515083313,0.3209080398082733,0.037663597613573074,0.29399099946022034,1.0,0.24054200947284698,2.7799251079559326,1.0,0.0,0.08614599704742432,0.31169605255126953,1.0,0.014307152479887009,0.014165611937642097,13.0,4.0,0.0,1.0,0.2721620202064514,0.4725831151008606,0.19866104423999786,0.008492701686918736,0.025086592882871628,0.007548183668404818,0.014550883322954178,0.08154887706041336,0.002873570192605257,0.07349774986505508,0.02405419573187828,0.11119697242975235,0.0,0.0012921905145049095,0.0,0.0,0.0,0.001517161843366921,0.3808027505874634,0.36496779322624207,1.2930946350097656,0.3636459708213806,0.6275700926780701,0.039930298924446106,0.0005209834198467433,0.9915337229697168,0.25727275311341186,3.2002629224544914,5,0.986715909988786,False,1.0047782141741777,1.1308248474007545,1.8519721574758017,1.68274782983706,1.665923454048537,1.68274782983706,1.33306779030999,1.2755603532941755,1.219151601843804,0.9546648976845171,0.9053502891072945,0.7701728093029483,0.5775365145687753,0.3072113265644988,23863094.34161043,22630411.376360416,19251473.94893837,14436278.495529175,7679147.820770264,0.04354573641557095,0.019195050287528114,0.005658487522827932,0.0017776603430199702,0.0003696756325429719,0.46009416216726695,1.384389068943299,2.4841377683604806,3.802748413543992,8.7494533327205,1.3951988632777326,1.8593652807186394,1.732344857754657,1.6777761084405685,1.6299370785339033,1.5759994020767596
31,31,13.0,13.0,1.0,0.25,0.0,71.63250517845154,0.9633975028991699,1600,400,12800,4.358294287641177e-05,2.1791471438205885e-05,4.358294287641177e-05,105.34347909999997,152.47386958399966,0.6392766237258911,0.49951380491256714,0.2365722805261612,0.13767828047275543,0.1038118451833725,0.1007905825972557,1.2899433374404907,0.27044349908828735,0.7857189774513245,2.0080182552337646,4.392499923706055,0.4240913391113281,0.5016984343528748,0.377128928899765,1.9417319297790527,0.7122855186462402,0.7999227046966553,0.007275187876075506,0.8070446848869324,1.3542338609695435,0.24790583550930023,1.6256223917007446,0.2870803475379944,0.3209078013896942,0.037567347288131714,0.28836721181869507,1.0,0.2393353283405304,2.7639753818511963,1.0,0.0,0.0862044245004654,0.31169697642326355,1.0,0.014416997320950031,0.014330589212477207,13.0,4.0,0.0,1.0,0.27044349908828735,0.4714314937591553,0.20080174505710602,0.008481830358505249,0.025084923952817917,0.007542572915554047,0.014128264039754868,0.08128108829259872,0.0028708023019135,0.07209180295467377,0.023933520540595055,0.11055901646614075,0.0,0.0012930663069710135,0.0,0.0,0.0,0.0015542724868282676,0.3806535601615906,0.3651138246059418,1.2929141521453857,0.3648632764816284,0.6275666952133179,0.04063611477613449,0.0005383241805247962,0.9890430453023195,0.25639895172924365,3.193560661691478,6,0.986715909988786,False,1.0020132299999074,1.128503097815177,1.854791770175604,1.67440379728284,1.6609906097957994,1.67440379728284,1.3357318841688317,1.2751668295944532,1.217989861552422,0.9546138609950569,0.9052746890078169,0.7702292955407245,0.5775299635130272,0.306129037731062,23742090.050495744,22514981.255828857,19156283.01813698,14363680.395645142,7613699.609710693,0.04331375994139939,0.019089720854189453,0.005628320355027054,0.0017664508999648849,0.0003666864477282825,0.43490846015796497,1.3557842735859247,2.5601224064871455,3.8865356265075572,8.698171617517646,1.3920154872238661,1.8748548689905846,1.7461286258977355,1.6910087631032424,1.6405127496322622,1.5787119635428712
32,32,13.0,13.0,1.0,0.25,0.0,71.70813751220703,0.9654741287231445,1600,400,13200,3.7063165984685056e-05,1.8531582992342528e-05,3.7063165984685056e-05,103.70694610499959,150.8568282209999,0.6308228373527527,0.4954918920993805,0.2363840937614441,0.13782808184623718,0.1037328913807869,0.10069657862186432,1.2828657627105713,0.2699144184589386,0.7836669683456421,1.9669477939605713,4.367499828338623,0.4244990944862366,0.5029058456420898,0.3769491910934448,1.9161921739578247,0.7122856974601746,0.7999390959739685,0.007125187199562788,0.8080481290817261,1.3566405773162842,0.2502952218055725,1.620543360710144,0.28478533029556274,0.32090818881988525,0.03783508017659187,0.28788435459136963,1.0,0.23919789493083954,2.7541699409484863,1.0,0.0,0.08630780130624771,0.31169646978378296,1.0,0.014408288523554802,0.014264424331486225,13.0,4.0,0.0,1.0,0.2699144184589386,0.4702003300189972,0.19669479131698608,0.008489982225000858,0.025145292282104492,0.007538982667028904,0.013655233196914196,0.08102715015411377,0.002847854048013687,0.07197108864784241,0.023919781669974327,0.1101667732000351,0.0,0.0012946173083037138,0.0,0.0,0.0,0.0015435327077284455,0.3804628551006317,0.36452963948249817,1.2924368381500244,0.36393699049949646,0.6275681257247925,0.04074510931968689,0.000562311674002558,0.9890227658858254,0.25538274019888174,3.184451481700282,7,0.986715909988786,False,1.0026340213935279,1.128733148514004,1.8527670467344735,1.6756602844211719,1.6612976785272378,1.6756602844211719,1.335358708716159,1.27295684208004,1.2175610138166246,0.9551643674233555,0.9060646513021341,0.7708296701551925,0.5774139265096923,0.3058527816105222,23754807.460849762,22533704.221845627,19170428.697044373,14360205.549179077,7606516.9371032715,0.04322841084866418,0.01912153993991424,0.0056550656928426955,0.001772861914764811,0.00036645045945343856,0.4505325675617547,1.3641025762599737,2.526413088112743,3.8204942982546304,8.725153386763477,1.3940444927840459,1.863626604957687,1.735251149274365,1.6799887307129562,1.6310156629983423,1.57400057141957
33,33,13.0,13.0,1.0,0.25,0.0,71.77685433626175,0.9679227471351624,1600,400,13600,3.1324568270770976e-05,1.5662284135385488e-05,3.1324568270770976e-05,104.42435061700053,151.38651751399993,0.632269024848938,0.49482855200767517,0.2360539585351944,0.13760297000408173,0.10361918807029724,0.10060848295688629,1.2839570045471191,0.2696550190448761,0.7834798097610474,1.9846869707107544,4.392499923706055,0.42492544651031494,0.5006809234619141,0.3775300085544586,1.9359993934631348,0.7122853398323059,0.7999259829521179,0.006975186988711357,0.8066455125808716,1.36958909034729,0.2515747845172882,1.6229311227798462,0.28564003109931946,0.3209080398082733,0.03767474368214607,0.28674453496932983,1.0,0.23886103928089142,2.7572572231292725,1.0,0.0,0.08613836020231247,0.3116971254348755,1.0,0.014499170705676079,0.014393629506230354,13.0,4.0,0.0,1.0,0.2696550190448761,0.4700879454612732,0.19846858084201813,0.008498504757881165,0.025034047663211823,0.007550601847469807,0.013505018316209316,0.08114657551050186,0.0028563998639583588,0.07168613374233246,0.02388611249625683,0.11029032617807388,0.0,0.0012920753797516227,0.0,0.0,0.0,0.0015382803976535797,0.3798794746398926,0.3640863001346588,1.29255211353302,0.362678587436676,0.627570390701294,0.04037638008594513,0.0005120470887050033,0.987693689176578,0.25518694668956493,3.1820932065862753,8,0.986715909988786,True,1.0008248901662369,1.1274011455626138,1.8494651497485843,1.6737076690108423,1.6620828039126043,1.6737076690108423,1.3282332221233777,1.2718436071156536,1.2157769129193996,0.9549834121080121,0.9058675511639573,0.7708123393844758,0.577344990725657,0.30560230477539574,23686517.350721955,22468293.371439457,19118509.933778763,14319926.363945007,7579874.375518799,0.04312457600773286,0.019067380630837565,0.005646176801156909,0.0017724686009734044,0.0003687710108227369,0.438559933056185,1.3411326891528952,2.538473464946905,3.933274480207804,8.919206997981464,1.3915224699958153,1.8727283147646114,1.7437948445819023,1.6879441912188993,1.6380712712375491,1.5775436595169325
