epoch,cumulative_epoch_index,dynamics_parameter_norm,reaction_parameter_norm,train_samples,val_samples,global_step,lr_decoder,lr_encoder,train_seconds,epoch_seconds,loss_gt_D16,loss_gt_D8,loss_gt_D4,loss_gt_D2,loss_gt_D1,loss_gt_D_full,loss_total,loss_metric,loss_rmse,loss_range,loss_range_active_bins,loss_sparse,loss_holdout,loss_trust,loss_metric_kd,loss_kd_coverage,loss_kd_mean_confidence,loss_lambda_kd,loss_sensor_gate_mean,loss_sensor_gt_conflict_fraction,loss_abs_delta4_mean,loss_abs_delta1_mean,loss_boundary_rmse,loss_barrier,loss_barrier_support,loss_barrier_positive_fraction,loss_robust_mse,loss_tail,loss_tail_active_fraction,loss_jet_abs_delta4_mean,loss_jet_neighbour_mass,loss_jet_gradient_abs,loss_jet_hessian_abs,loss_jet_phase_abs_delta_mean,loss_connection_abs_delta_mean,loss_connection_tangent_mean,loss_connection_normal_mean,loss_connection_neighbour_mass,loss_phase2_abs_delta_mean,loss_surface_abs_delta_mean,loss_surface_amplitude,loss_surface_barrier_mean,loss_surface_transport_weight_mean,loss_surface_transport_abs_delta_mean,loss_surface_reaction_abs_delta_mean,loss_tail_ramp,loss_dynamics_aux,loss_dynamics_state_change_1,loss_dynamics_forcing_1,loss_dynamics_transport_1,loss_dynamics_mass_1,loss_dynamics_sensor_error_m_1,loss_dynamics_state_change_2,loss_dynamics_forcing_2,loss_dynamics_transport_2,loss_dynamics_mass_2,loss_dynamics_sensor_error_m_2,loss_dynamics_state_change_3,loss_dynamics_forcing_3,loss_dynamics_transport_3,loss_dynamics_mass_3,loss_dynamics_sensor_error_m_3,loss_weighted_metric,loss_weighted_rmse,loss_weighted_range,loss_weighted_log,loss_weighted_edge,loss_weighted_sparse,loss_weighted_holdout,loss_weighted_trust,loss_weighted_metric_kd,loss_weighted_teacher_edge,loss_weighted_boundary,loss_weighted_barrier,loss_weighted_robust_mse,loss_weighted_tail,loss_weighted_dynamics_aux,loss_inverse,loss_relative_gradient,loss_relative_ordinal,loss_relative_pair_coverage,loss_relative_ramp,loss_weighted_inverse,loss_weighted_relative,loss_query_uncertainty_mean,loss_query_gate_mean,loss_query_center_weight_mean,loss_query_entropy_mean,val_rmse_m,val_mae_m,val_irmse_km_inv,early_stop_bad_epochs,early_stop_monitor_best_rmse_m,early_stop_triggered,val_pre_anchor_rmse_m,val_legacy_hard_rmse_m,val_native_D0_rmse_m,val_native_D4_rmse_m,val_native_D4_step1_rmse_m,val_native_D4_step2_rmse_m,val_native_D4_step3_rmse_m,val_native_D2_base_rmse_m,val_native_D2_query_rmse_m,val_native_D2_rmse_m,val_tail_1m_sse_fraction,val_tail_2m_sse_fraction,val_tail_5m_sse_fraction,val_tail_10m_sse_fraction,val_tail_20m_sse_fraction,val_tail_1m_sse_m2,val_tail_2m_sse_m2,val_tail_5m_sse_m2,val_tail_10m_sse_m2,val_tail_20m_sse_m2,val_tail_1m_pixel_fraction,val_tail_2m_pixel_fraction,val_tail_5m_pixel_fraction,val_tail_10m_pixel_fraction,val_tail_20m_pixel_fraction,val_rmse_0-20_m,val_rmse_20-40_m,val_rmse_40-60_m,val_rmse_60-80_m,val_rmse_80-120_m,val_rmse_edge_m,val_gt_boundary_1px_rmse_m,val_gt_boundary_2px_rmse_m,val_gt_boundary_3px_rmse_m,val_gt_boundary_5px_rmse_m,val_gt_boundary_10px_rmse_m
0,0,58.01865015923977,0.16926507651805878,1600,400,400,0.0003,0.00015,36.60523361100002,46.514578307999955,10.143950462341309,6.148612976074219,1.39239501953125,1.2564318180084229,1.1903573274612427,1.1219981908798218,5.0505805015563965,2.8639943599700928,2.5209362506866455,6.397866725921631,4.375,1.2566280364990234,1.4275295734405518,0.5879685282707214,6.927639484405518,0.7122857570648193,0.7999255061149597,0.04958438128232956,0.6861302852630615,0.053911659866571426,0.6850246787071228,0.04090027138590813,4.26345682144165,1.060158610343933,0.3209080100059509,0.0376790389418602,7.767072677612305,4.4875006675720215,0.26093244552612305,0.0,0.0,0.0009035218972712755,0.00028015763382427394,0.041819918900728226,0.0,0.0,0.0,0.0,0.09212871640920639,0.0,0.0,0.12791097164154053,0.0,0.0,0.0,0.24937497079372406,1.6739736795425415,0.003978019580245018,0.011124683544039726,0.00169363000895828,0.10966628044843674,1.9865447282791138,0.003524193773046136,0.009941632859408855,0.0016652224585413933,0.1047126054763794,1.6136176586151123,0.003135146340355277,0.008898565545678139,0.0015398671384900808,0.10252033919095993,1.332637906074524,2.8639943599700928,0.6302340626716614,0.6397867202758789,0.0015203215880319476,4.8385903937742114e-05,0.025132564827799797,0.07137647271156311,0.011759370565414429,0.34370627999305725,1.0646086593624204e-05,0.21317297220230103,0.010601585730910301,0.0,0.05513712391257286,0.16739751398563385,1.5286500453948975,0.09435197710990906,0.7590122818946838,0.20425663888454437,0.16624997556209564,0.015286507084965706,0.0014155214885249734,0.001355899847112596,0.20545721054077148,0.5928685069084167,1.226614236831665,1.4253636609104656,0.5523187044543331,6.6724997619445245,0,1.4253636609104656,False,1.4619679155433087,1.4963556313760809,2.4984889937890156,2.1241845254360587,2.2352455804800533,2.1264453932511156,2.1241845254360587,1.7326388145678766,1.7459333269612043,1.6711795915957006,0.9392347848504786,0.88001776490814,0.7262217828878385,0.5129543055558037,0.23805480298556603,48516153.142272115,45457299.21725607,37512970.98674774,26496643.911346436,12296715.862945557,0.10639692629991782,0.0443485685265899,0.01256562833923409,0.003629381672961785,0.0006267848579854027,0.8181548173788403,1.9690464071238147,3.0244819302465906,5.284704026667655,14.965781486510938,2.0511708489293197,2.201899443671207,2.1180813425378413,2.0955045797434084,2.103437361737203,2.143773360649856
1,1,60.78712996840477,0.31446734070777893,1600,400,800,0.00029916868313433067,0.00014958434156716534,23.649775265000017,33.51293814200005,6.882292747497559,1.596331238746643,0.37504538893699646,0.2673778235912323,0.23027242720127106,0.21582603454589844,1.7814393043518066,0.7193066477775574,1.2237186431884766,3.090686321258545,4.372499942779541,0.4675382375717163,0.5719262361526489,0.43416762351989746,3.513998031616211,0.7122853398323059,0.7998786568641663,0.04875103756785393,0.8496981859207153,0.05408536642789841,0.44277670979499817,0.07458105683326721,2.1439919471740723,0.6536310315132141,0.3209081292152405,0.037714142352342606,1.498697280883789,0.9264450669288635,0.03190549835562706,0.0,0.0,0.0015681303339079022,0.0006771725020371377,0.07353970408439636,0.0,0.0,0.0,0.0,0.15486235916614532,0.0,0.0,0.19462482631206512,0.0,0.0,0.0,0.7493749856948853,0.40455424785614014,0.0038349542301148176,0.010565332137048244,0.0031657805666327477,0.17949174344539642,0.7133463025093079,0.0034566984977573156,0.009846563450992107,0.002711397362872958,0.18357057869434357,0.5636799335479736,0.003201463958248496,0.009329202584922314,0.0024231874849647284,0.18652765452861786,0.46887847781181335,0.7193066477775574,0.30592966079711914,0.3090684115886688,0.00017388239211868495,1.9437886294326745e-05,0.00935076829046011,0.028596315532922745,0.008683351799845695,0.17138026654720306,1.1230475138290785e-05,0.10719964653253555,0.0065363142639398575,0.0,0.06876613199710846,0.04045542702078819,0.1950487345457077,0.08785389363765717,0.7293021082878113,0.20425698161125183,0.49958330392837524,0.0019504876108840108,0.004011875484138727,0.0007293573580682278,0.2521153688430786,0.5688456296920776,1.2217395305633545,1.2226617183148092,0.37531558303646595,4.700007124296838,0,1.2226617183148092,False,1.2460159552339576,1.322292453536229,2.1037566395469596,1.9192281704659762,1.9231749608397297,1.8863125590714382,1.9192281704659762,1.5129413140282373,1.483381990613777,1.4538177778921648,0.9562660034804678,0.9044386334391191,0.7572620886328676,0.5479350767869008,0.27040322523599364,36345627.43306363,34375779.84306002,28781913.86335945,20825841.43524933,10277448.790771484,0.07030019911117376,0.03150687323716759,0.009156502389459946,0.0027288897475365973,0.0005117405739990007,0.6353227671705031,1.7018325320779126,2.824728435147104,4.6274878674715065,12.127902709391128,1.7600142602412083,2.030991849371468,1.9279641311728324,1.8940280880192246,1.8797076661171273,1.8804662149404359
2,2,62.26609545946121,0.38493525981903076,1600,400,1200,0.00029667614958963967,0.00014833807479481983,22.553580861,32.44229252700006,3.099735975265503,1.297831654548645,0.32295119762420654,0.22152827680110931,0.18811751902103424,0.17770129442214966,1.507072925567627,0.5290459990501404,1.120598554611206,2.859041452407837,4.375,0.43761053681373596,0.5403112173080444,0.42627042531967163,2.963823080062866,0.712285041809082,0.7998483777046204,0.04791770875453949,0.8541032075881958,0.05385664477944374,0.4221177101135254,0.07102719694375992,2.012859344482422,0.466821551322937,0.3209080398082733,0.03778137266635895,1.2569916248321533,0.7803518772125244,0.026397086679935455,0.0,0.0,0.001504933345131576,0.0008874477935023606,0.09966351091861725,0.0,0.0,0.0,0.0,0.12123441696166992,0.0,0.0,0.23585902154445648,0.0,0.0,0.0,1.0,0.3420970141887665,0.004434727132320404,0.011723111383616924,0.004703957587480545,0.27109983563423157,0.6474900841712952,0.0038390490226447582,0.010832948610186577,0.0037635790649801493,0.28045815229415894,0.5018776059150696,0.003495491109788418,0.01027319673448801,0.0033343550749123096,0.28789445757865906,0.4104268252849579,0.5290459990501404,0.2801496386528015,0.2859041690826416,0.00013141123054083437,1.701104520179797e-05,0.008752214722335339,0.027015550062060356,0.00852541159838438,0.14205308258533478,1.1140087735839188e-05,0.10064291954040527,0.004668216221034527,0.0,0.07803522050380707,0.0342097170650959,0.13577719032764435,0.08534722030162811,0.7209222912788391,0.20425722002983093,0.8329166173934937,0.0013577720383182168,0.006553880870342255,0.0008239402668550611,0.2881928086280823,0.5796748995780945,1.1899409294128418,1.1689756289637454,0.33810934560371636,4.471968047299602,0,1.1689756289637454,False,1.1895949102942838,1.2761223848268495,1.9818853581808717,1.8881775608048563,1.843570250537492,1.8403463733071785,1.8881775608048563,1.450268678124736,1.426981969041421,1.3936649818602038,0.9587395789915192,0.9090102500514519,0.764663906745636,0.5531974734860869,0.26911019515383255,33309828.399490356,31582064.729654312,26566988.653762817,19219935.545204163,9349790.722686768,0.06237661746363578,0.0284557021689525,0.008477013483426072,0.0025595681603360976,0.00047846622724601057,0.6197811420561267,1.6450999978424992,2.6783767328238692,4.326043125325315,10.994897470184265,1.6942379026412802,1.9513616053503176,1.8461184209314874,1.8105569298760598,1.7966533330638843,1.7959750090384472
3,3,63.420227855443954,0.42985662817955017,1600,400,1600,0.00029255162185001576,0.00014627581092500788,22.79468835,32.663374567000005,2.2464797496795654,1.1644891500473022,0.30351847410202026,0.20098645985126495,0.16870157420635223,0.1602887660264969,1.3809914588928223,0.46484968066215515,1.069648027420044,2.6972241401672363,4.355000019073486,0.4250074326992035,0.5240387320518494,0.4173843562602997,2.592435836791992,0.7122857570648193,0.7998930811882019,0.047084372490644455,0.8503645062446594,0.053866591304540634,0.41573646664619446,0.07934903353452682,1.94093656539917,0.4190097451210022,0.3209080696105957,0.037690483033657074,1.152742862701416,0.7175784707069397,0.023630348965525627,0.0,0.0,0.0014450022717937827,0.0011501989793032408,0.11590757220983505,0.0,0.0,0.0,0.0,0.10643918067216873,0.0,0.0,0.24546684324741364,0.0,0.0,0.0,1.0,0.31815630197525024,0.005097728688269854,0.013209685683250427,0.0055413637310266495,0.318544864654541,0.6156445741653442,0.004387354012578726,0.012325504794716835,0.004345669411122799,0.32976919412612915,0.47676727175712585,0.0040200199000537395,0.011847706511616707,0.003955075517296791,0.33883342146873474,0.39060157537460327,0.46484968066215515,0.267412006855011,0.26972249150276184,0.00011525603622430936,1.598162270965986e-05,0.008500145748257637,0.026201916858553886,0.008347682654857635,0.12208618223667145,1.0856828339456115e-05,0.09704682976007462,0.00419009942561388,0.0,0.07175784558057785,0.03181561455130577,0.11644715070724487,0.08364880084991455,0.7142726182937622,0.20425599813461304,1.0,0.0011644705664366484,0.007753802463412285,0.0008749300031922758,0.30243605375289917,0.58147794008255,1.1696408987045288,1.1337642525522686,0.3225932575578373,4.210312746377527,0,1.1337642525522686,False,1.1536664822659897,1.2490472421752596,1.9381298076110078,1.8324463556663357,1.8045933022397567,1.7957729779946139,1.8324463556663357,1.4107703045248543,1.3949100816665359,1.3705457773126675,0.9568563450089779,0.9063404721360248,0.7668183848947554,0.5645578042975978,0.27716961588690975,31271814.78723252,29620863.702946663,25061026.801937103,18450781.23249054,9058409.799835205,0.05854436453706652,0.026027658140462737,0.007725469490806526,0.0024284766736603104,0.00046509355833818946,0.5526332437844556,1.5085382930570856,2.7114640929297815,4.628466061985373,11.852654327337232,1.6241708695382782,1.9996928578647755,1.8840563080615917,1.8420126373683037,1.811727197623908,1.7764264248312986
4,4,64.31108006834984,0.4645636975765228,1600,400,2000,0.0002868434645623309,0.00014342173228116544,22.419895441000108,32.348819458000094,1.8797895908355713,1.0842949151992798,0.29373782873153687,0.19091415405273438,0.1592857986688614,0.15178972482681274,1.3163422346115112,0.43397679924964905,1.044874906539917,2.598449945449829,4.375,0.41818273067474365,0.5146697163581848,0.40659794211387634,2.390977382659912,0.7122852206230164,0.7998549342155457,0.04625103995203972,0.8422027230262756,0.05405561253428459,0.4174719452857971,0.07847985625267029,1.9179050922393799,0.4080777168273926,0.32090815901756287,0.037740305066108704,1.1013433933258057,0.6906397938728333,0.022240281105041504,0.0,0.0,0.00149780313950032,0.0013175607891753316,0.12219573557376862,0.0,0.0,0.0,0.0,0.10366964340209961,0.0,0.0,0.24108213186264038,0.0,0.0,0.0,1.0,0.3051941692829132,0.005548396147787571,0.014344260096549988,0.0060828379355371,0.34398505091667175,0.6066015958786011,0.004782375413924456,0.013472595252096653,0.004698995966464281,0.3559938967227936,0.46932289004325867,0.004418660886585712,0.013044911436736584,0.004309422802180052,0.3655548691749573,0.38537344336509705,0.43397679924964905,0.26121872663497925,0.25984498858451843,0.00010774257680168375,1.5401736163767055e-05,0.008363655768334866,0.02573348768055439,0.008131965063512325,0.11059042811393738,1.0684027984098066e-05,0.0958951935172081,0.004080778453499079,0.0,0.06906399875879288,0.030519410967826843,0.10840775072574615,0.08311455696821213,0.7098391652107239,0.204256072640419,1.0,0.0010840779868885875,0.007704924326390028,0.0009183453512378037,0.3080575168132782,0.5682427287101746,1.1716735363006592,1.114412152638578,0.31371248723985,4.150684667882701,0,1.114412152638578,False,1.132924831663412,1.2325642688834455,1.872457667896875,1.8209839215038148,1.7613960028980507,1.77190791088298,1.8209839215038148,1.400696296851524,1.3693800932731615,1.3439480702052815,0.9558870683214821,0.906619607674393,0.768927118767519,0.5686769411367736,0.2869165032476253,30182769.70656538,28627116.88101816,24279384.998529434,17956352.502922058,9059579.347320557,0.05550192503502066,0.02476779540382943,0.0073810839350509925,0.002321809973430867,0.000456479986306387,0.5700361793261061,1.558809376344233,2.6536660869475885,4.134683859300898,10.395950884332667,1.5947602170853004,1.94457614953557,1.8303182311150987,1.7906850511130028,1.7648995909884149,1.7390162390638857
5,5,65.13366255164146,0.4995802938938141,1600,400,2400,0.00027961861218040303,0.00013980930609020151,22.705146215000013,32.75669360999996,1.5498825311660767,0.988408088684082,0.2835581302642822,0.1815321147441864,0.1500939130783081,0.14339964091777802,1.2536225318908691,0.40360748767852783,1.0175174474716187,2.549316644668579,4.389999866485596,0.41194427013397217,0.5084571838378906,0.3980046510696411,2.160989761352539,0.7122855186462402,0.7999549508094788,0.045417703688144684,0.8369351029396057,0.05395286902785301,0.4231959879398346,0.07800475507974625,1.8891544342041016,0.3873390257358551,0.3209080398082733,0.037718284875154495,1.037917137145996,0.6457245349884033,0.020982777699828148,0.0,0.0,0.001526059815660119,0.0014249649830162525,0.1235487163066864,0.0,0.0,0.0,0.0,0.10881377011537552,0.0,0.0,0.23637813329696655,0.0,0.0,0.0,1.0,0.29306963086128235,0.005878615193068981,0.015136179514229298,0.006465913727879524,0.36208030581474304,0.5986721515655518,0.005058504641056061,0.014230717904865742,0.004941188730299473,0.37439680099487305,0.46431058645248413,0.004695508163422346,0.013804380781948566,0.0045455885119736195,0.3841179609298706,0.3817135989665985,0.40360748767852783,0.25437936186790466,0.2549315094947815,0.00010022836795542389,1.4968512004998047e-05,0.008238892070949078,0.025422856211662292,0.007960095070302486,0.0981440618634224,1.0063128684123512e-05,0.0944577008485794,0.0038733861874789,0.0,0.06457249075174332,0.029306959360837936,0.10050724446773529,0.081552654504776,0.7039163112640381,0.2042565643787384,1.0,0.0010050717974081635,0.007597213611006737,0.0009192157303914428,0.30993396043777466,0.5561761856079102,1.1739987134933472,1.099935990814502,0.3317030098120192,4.12143711272925,0,1.099935990814502,False,1.1183467060279717,1.2208456599077664,1.9257043956069537,1.8434252679483796,1.7795307820244413,1.7844039896821575,1.8434252679483796,1.405337947183664,1.3826338628544914,1.331640006496449,0.9460061904462218,0.8945546139371919,0.760635072274631,0.5641329883453654,0.2861246460458883,29099774.849856973,27517090.3947196,23397636.896705627,17353103.08961487,8801382.975097656,0.055261138331921596,0.02365050891658098,0.007092902920087448,0.0022312691386490897,0.00044334330567340983,0.5568449381534404,1.5353992749432022,2.6453594681952177,4.110583442675475,9.812645976063594,1.564478290768769,1.9523155673676942,1.8373398651727164,1.7932074309164705,1.7588768338194296,1.7198679361549618
6,6,65.81274151802063,0.5269631743431091,1600,400,2800,0.00027096178408453776,0.00013548089204226888,23.384203077999928,33.57687848699993,1.3460047245025635,0.9177801012992859,0.27919575572013855,0.17654666304588318,0.1441323608160019,0.13819144666194916,1.208285927772522,0.38464000821113586,0.9936859607696533,2.478984832763672,4.377500057220459,0.40599486231803894,0.5002980828285217,0.39206230640411377,2.0367560386657715,0.7122852802276611,0.7999335527420044,0.044584374874830246,0.8322688937187195,0.054060593247413635,0.4432320296764374,0.08430694043636322,1.844486951828003,0.38071200251579285,0.3209080100059509,0.03790596127510071,1.0005688667297363,0.6201184988021851,0.020146973431110382,0.0,0.0,0.001507797627709806,0.0014487921725958586,0.125946506857872,0.0,0.0,0.0,0.0,0.11539307236671448,0.0,0.0,0.22608858346939087,0.0,0.0,0.0,1.0,0.2877770960330963,0.0060827420093119144,0.015292164869606495,0.0070760552771389484,0.3753461241722107,0.5975785255432129,0.005157166626304388,0.014283131808042526,0.005350491963326931,0.38803571462631226,0.4640885293483734,0.004758527968078852,0.013800255954265594,0.0048861270770430565,0.3979458510875702,0.3823566734790802,0.38464000821113586,0.24842149019241333,0.24789844453334808,9.575163130648434e-05,1.4524471225740854e-05,0.00811989326030016,0.025014888495206833,0.00784124806523323,0.09081996977329254,9.997491360991262e-06,0.0922243744134903,0.0038071242161095142,0.0,0.06201184540987015,0.028777705505490303,0.09635980427265167,0.08201568573713303,0.7048361301422119,0.20425572991371155,1.0,0.0009635979658924043,0.007624967955052853,0.0009608335676603019,0.30972176790237427,0.5428218841552734,1.1801711320877075,1.0805480747366711,0.293416550425866,3.92759371070006,0,1.0805480747366711,False,1.0958059967108107,1.2044225584177493,1.8596403214993138,1.7959752301231935,1.7389113215781835,1.7473792270206325,1.7959752301231935,1.3767531641260664,1.3458609763496987,1.3043949163610604,0.9568961079538583,0.9084871424992466,0.7732393342256255,0.5765774662789087,0.29458886950686913,28406243.193713307,26969183.481556892,22954241.732601166,17116173.418403625,8745111.407409668,0.0512616483812463,0.022934835141737706,0.006877327631017544,0.0021845041288508565,0.0004377582498354375,0.5462220813955864,1.558056193748419,2.5394810890360358,3.927929429312313,9.78461851194664,1.5485422489643708,1.9130579613934278,1.7960627661835595,1.7523721112386936,1.7233218209476628,1.694113985534413
7,7,66.47427767515182,0.5507511496543884,1600,400,3200,0.0002609744911531482,0.0001304872455765741,22.38687366499994,32.347348403999945,1.18222975730896,0.8138778209686279,0.2717961370944977,0.17071495950222015,0.1385052353143692,0.13318124413490295,1.1650028228759766,0.3646673858165741,0.9729903340339661,2.436058521270752,4.364999771118164,0.40108999609947205,0.49721598625183105,0.3881163001060486,1.8799172639846802,0.7122854590415955,0.7998729348182678,0.04375104233622551,0.8292850852012634,0.05386075749993324,0.45618101954460144,0.09367987513542175,1.8346786499023438,0.3682223856449127,0.32090798020362854,0.0376720204949379,0.9571642875671387,0.5865731239318848,0.019497744739055634,0.0,0.0,0.0015017205150797963,0.0014205032493919134,0.12387341260910034,0.0,0.0,0.0,0.0,0.1216258630156517,0.0,0.0,0.2185344249010086,0.0,0.0,0.0,1.0,0.27886518836021423,0.0060933614149689674,0.015013128519058228,0.007393975276499987,0.38710662722587585,0.5953323841094971,0.005105683580040932,0.013942837715148926,0.005504867993295193,0.3997589647769928,0.46456488966941833,0.004695550538599491,0.013422111049294472,0.004975735675543547,0.40949857234954834,0.383034348487854,0.3646673858165741,0.24324758350849152,0.2436056286096573,9.139930625678971e-05,1.4230848137231078e-05,0.00802179891616106,0.02486080676317215,0.007762329187244177,0.082237109541893,9.738692824612372e-06,0.09173396229743958,0.003682220820337534,0.0,0.05865731090307236,0.027886511757969856,0.09185649454593658,0.08178552240133286,0.7032814025878906,0.20425748825073242,1.0,0.0009185647941194475,0.007605681195855141,0.0009575510630384088,0.30634254217147827,0.5333937406539917,1.1819943189620972,1.0576383442243322,0.28730731512667756,3.9264020833445117,0,1.0576383442243322,False,1.0710180233355948,1.1856899738185402,1.8646229237647665,1.7769480926695638,1.728619616193324,1.7308210376661233,1.7769480926695638,1.3560845407868158,1.3373321481642153,1.2912562741959026,0.9553889934027603,0.9059071871132267,0.7693034916176033,0.5698821934620151,0.28861337110234925,27171613.838120103,25764333.095097065,21879273.827617645,16207658.870780945,8208270.267150879,0.0499470363648492,0.022178296063967297,0.006642676623064424,0.0020868049830654813,0.0004155360206209701,0.5101754902731153,1.4620512048109728,2.583481366670918,4.066685700072395,10.34540552731201,1.4994786141516654,1.9167467535395943,1.7972663726253963,1.7510778234682982,1.7120889853943098,1.6681412716822304
8,8,67.12678307294846,0.5710818767547607,1600,400,3600,0.0002497738454354982,0.0001248869227177491,22.33966486999998,32.21758060600007,1.1073752641677856,0.7579770684242249,0.268706351518631,0.16770371794700623,0.13548414409160614,0.1305241882801056,1.1365350484848022,0.35446634888648987,0.9602454900741577,2.386965751647949,4.367499828338623,0.3996349275112152,0.4928779602050781,0.3878425061702728,1.7606652975082397,0.7122859954833984,0.7999439835548401,0.04291771352291107,0.8273561596870422,0.05424513667821884,0.4920111298561096,0.09672074019908905,1.805776834487915,0.35589599609375,0.3209081292152405,0.037874750792980194,0.9368973970413208,0.5731633901596069,0.019048860296607018,0.0,0.0,0.0015136187430471182,0.0014535837108269334,0.12699605524539948,0.0,0.0,0.0,0.0,0.1253783255815506,0.0,0.0,0.21335628628730774,0.0,0.0,0.0,1.0,0.275739461183548,0.0063162194564938545,0.015441592782735825,0.0077792140655219555,0.3959565758705139,0.5953425168991089,0.005282937083393335,0.014339898712933064,0.0057443357072770596,0.408624529838562,0.4670718312263489,0.004868701566010714,0.013809237629175186,0.00516556715592742,0.4182983338832855,0.3868478834629059,0.35446634888648987,0.24006137251853943,0.2386966496706009,8.877077925717458e-05,1.4046324395167176e-05,0.007992696948349476,0.02464388497173786,0.007756851147860289,0.07556687295436859,9.531198884360492e-06,0.09028886258602142,0.003558959811925888,0.0,0.057316359132528305,0.02757394313812256,0.08948931843042374,0.08189917355775833,0.7020199298858643,0.20425663888454437,1.0,0.0008948931354098022,0.007605060003697872,0.0009809501934796572,0.3062228560447693,0.5258466005325317,1.1811310052871704,1.0591619908374708,0.2890225458461004,3.859135383091703,1,1.0576383442243322,False,1.073450564498485,1.187691549963617,1.8847881975995417,1.7698859909529083,1.7426676735902322,1.7341255774904474,1.7698859909529083,1.3477941588233948,1.3339422196908912,1.2915194404085044,0.9552050761726317,0.9066155660917813,0.7728168859823583,0.573819144441965,0.28127124972841205,27244711.98614037,25858824.03315258,22042568.66073227,16366681.577003479,8022522.471862793,0.04928957303113409,0.0219307050322769,0.006694712037667505,0.002153196351054899,0.0004116028827069051,0.50988601858577,1.4516062788662012,2.5303118799542528,4.180630219651162,11.423807541572202,1.502453769971083,1.9140663374242124,1.7927885961410228,1.7459419148130197,1.7087886939761845,1.6697036446458737
9,9,67.80145436525345,0.5872805118560791,1600,400,4000,0.00023749118688347332,0.00011874559344173666,21.144241885000042,31.704643556000065,1.0009074211120605,0.6731249094009399,0.2627983093261719,0.1630159169435501,0.13108347356319427,0.1264408677816391,1.1082552671432495,0.33898600935935974,0.9470709562301636,2.3797521591186523,4.364999771118164,0.397320955991745,0.4909612834453583,0.38577693700790405,1.6635454893112183,0.7122852206230164,0.7998368144035339,0.04208437725901604,0.8250256180763245,0.05392102152109146,0.5294767022132874,0.1023705005645752,1.806343913078308,0.3495003283023834,0.3209080398082733,0.03763049468398094,0.9033114910125732,0.550058901309967,0.01850827969610691,0.0,0.0,0.0014868021244183183,0.001425424823537469,0.12593106925487518,0.0,0.0,0.0,0.0,0.12696507573127747,0.0,0.0,0.20620281994342804,0.0,0.0,0.0,1.0,0.269317626953125,0.0063857631757855415,0.015384377911686897,0.008098035119473934,0.40498340129852295,0.5968017578125,0.005284741520881653,0.01419132761657238,0.005908450577408075,0.41793763637542725,0.47005221247673035,0.004851362202316523,0.013594933785498142,0.005266907159239054,0.4276314377784729,0.38989466428756714,0.33898600935935974,0.2367677390575409,0.23797506093978882,8.575208630645648e-05,1.3736926121055149e-05,0.00794641301035881,0.024548064917325974,0.007715540938079357,0.07000316679477692,9.176740604743827e-06,0.09031715989112854,0.0034950035624206066,0.0,0.055005889385938644,0.0269317589700222,0.0866411104798317,0.0816812589764595,0.7007380723953247,0.20425674319267273,1.0,0.0008664112538099289,0.007587756961584091,0.0009612032445147634,0.30384135246276855,0.520158588886261,1.1801841259002686,1.058674783786737,0.2831250503411546,3.8360309863198,2,1.0576383442243322,False,1.073227324718395,1.1864256250537077,1.8357617820104364,1.755432385810672,1.7083757474810022,1.7125625648968157,1.755432385810672,1.3543583239453685,1.3281322856312088,1.281794743584246,0.9564619783187134,0.9094366982207561,0.7784427737484122,0.5853464286834253,0.30760221926941894,27255469.853458285,25915431.113692284,22182610.530778885,16680110.9740448,8765474.42993164,0.04786192263108677,0.02142620143203978,0.006490188866136123,0.0020792533582704767,0.0004321338626183245,0.5548177338011604,1.487502695114459,2.497977773970254,3.8651360744157497,9.437231703514493,1.5204812756551567,1.8869444359674163,1.7657913927910038,1.7207368568327748,1.689117326475545,1.6557460880713446
10,10,68.49179118871689,0.6035674214363098,1600,400,4400,0.00022427054324546545,0.00011213527162273272,22.544219595999948,32.48240642199994,0.9544659852981567,0.6462343335151672,0.2589581608772278,0.1602020561695099,0.12864503264427185,0.12425485998392105,1.0874104499816895,0.3316551148891449,0.9376587271690369,2.339893341064453,4.367499828338623,0.3966735303401947,0.4901497960090637,0.3843483030796051,1.5701031684875488,0.7122855186462402,0.7997831702232361,0.0412510484457016,0.8241620659828186,0.053980786353349686,0.5837265253067017,0.10715421289205551,1.7958815097808838,0.3371431231498718,0.3209080696105957,0.03769785538315773,0.8905975222587585,0.5430721640586853,0.01818303018808365,0.0,0.0,0.001458983519114554,0.0013790795346722007,0.1233370304107666,0.0,0.0,0.0,0.0,0.13228917121887207,0.0,0.0,0.20117998123168945,0.0,0.0,0.0,1.0,0.2649443745613098,0.006425394676625729,0.015375635586678982,0.008242256008088589,0.41329875588417053,0.5940287709236145,0.005296662449836731,0.014167705550789833,0.005947472527623177,0.42671293020248413,0.47140589356422424,0.004866613540798426,0.013552233576774597,0.005271521862596273,0.4365116059780121,0.39231953024864197,0.3316551148891449,0.23441468179225922,0.23398931324481964,8.357540355063975e-05,1.366271226288518e-05,0.007933471351861954,0.024507496505975723,0.007686966098845005,0.06477280706167221,8.733242793823592e-06,0.0897940918803215,0.0033714298624545336,0.0,0.054307229816913605,0.02649443782866001,0.08400213718414307,0.08095663785934448,0.6979904174804688,0.20425677299499512,1.0,0.0008400217047892511,0.007537784520536661,0.000935527088586241,0.29946282505989075,0.514701783657074,1.1821008920669556,1.044291390443385,0.2803955879513909,3.8423044583756716,0,1.044291390443385,False,1.0573574129987475,1.1747790214928235,1.8188015999862177,1.7439872164145316,1.7003460704241482,1.704106376104905,1.7439872164145316,1.3423701830246175,1.3243383951019065,1.2713047602245888,0.9552089697318719,0.9069217681177825,0.7736799484501496,0.5773081343517236,0.29664811876294844,26485160.674268723,25146297.311606884,21451889.999435425,16007071.940666199,8225187.721343994,0.04759301399190214,0.02116012465215328,0.0063935123362084045,0.0020298531460698197,0.00040999029616213843,0.5292369490014839,1.4539134124583555,2.515935513338822,3.907146953903315,9.303816721142347,1.483391907147025,1.8845465665341012,1.7635346777818377,1.7164559536077377,1.6799273338496155,1.6435639061511724
11,11,69.23193973302841,0.6152783036231995,1600,400,4800,0.0002102669411818192,0.0001051334705909096,22.50810362800007,32.482813608000015,0.8984721899032593,0.611748993396759,0.25435686111450195,0.15759825706481934,0.12642976641654968,0.12221094965934753,1.0661983489990234,0.3239080011844635,0.9235916137695312,2.3109724521636963,4.380000114440918,0.39745181798934937,0.48921239376068115,0.38396555185317993,1.5250316858291626,0.7122857570648193,0.7998546361923218,0.040417708456516266,0.8238347172737122,0.054037827998399734,0.6625857353210449,0.11160442978143692,1.7745088338851929,0.33221766352653503,0.32090792059898376,0.03776843100786209,0.8644878268241882,0.5202615261077881,0.01792028918862343,0.0,0.0,0.0014600093709304929,0.0013332098023965955,0.1194077730178833,0.0,0.0,0.0,0.0,0.13734875619411469,0.0,0.0,0.19644424319267273,0.0,0.0,0.0,1.0,0.26074379682540894,0.006506773643195629,0.015602381899952888,0.008287465199828148,0.41931357979774475,0.5964447855949402,0.005350255407392979,0.0143286669626832,0.005946962628513575,0.43307366967201233,0.4770669937133789,0.004904297646135092,0.013658068142831326,0.005248129367828369,0.4428113102912903,0.39987626671791077,0.3239080011844635,0.2308979034423828,0.23109719157218933,8.164369501173496e-05,1.3525947906600777e-05,0.007949032820761204,0.02446063794195652,0.007679308298975229,0.061640407890081406,8.453852387901861e-06,0.08872544020414352,0.0033221771009266376,0.0,0.052026137709617615,0.02607438713312149,0.08200646191835403,0.0804169699549675,0.6945638656616211,0.20425589382648468,1.0,0.0008200642187148333,0.007493666373193264,0.000915096141397953,0.2969122529029846,0.5116221308708191,1.1825828552246094,1.027709517349286,0.2807534573781764,3.7290013029872764,0,1.027709517349286,False,1.040385738551263,1.1610074309399534,1.8470209421826747,1.7058697456329417,1.7004058055250781,1.6804861695531017,1.7058697456329417,1.3175761692927008,1.3104477093649427,1.2545492363809603,0.9525138136796918,0.9024623767287157,0.7672864647717308,0.5686145061021114,0.2893263080430972,25578369.952581048,24234311.575049877,20604359.510253906,15269313.671470642,7769436.241088867,0.04742947411743532,0.020821520809131425,0.006237130772745179,0.001957090094659617,0.0003920945186531425,0.4917840550924954,1.4282440126886595,2.5430219431093724,3.9066168380788833,9.581592472828582,1.4538573153092846,1.893833786990734,1.7705134223803773,1.720779512012262,1.6756632873999262,1.6256859850967535
12,12,69.92529153823853,0.6231409311294556,1600,400,5200,0.00019564458840587768,9.782229420293884e-05,22.879404500000078,32.76006791900011,0.8661038875579834,0.5894804000854492,0.2496345043182373,0.15500995516777039,0.12426015734672546,0.1202005073428154,1.0495651960372925,0.31740525364875793,0.9168290495872498,2.2857847213745117,4.364999771118164,0.3979629576206207,0.48992565274238586,0.3836684226989746,1.4517570734024048,0.7122857570648193,0.799882709980011,0.03958437219262123,0.8232829570770264,0.05420627072453499,0.7321211695671082,0.11762718111276627,1.7669984102249146,0.3241056501865387,0.32090818881988525,0.03773589804768562,0.849773108959198,0.5115007162094116,0.017620868980884552,0.0,0.0,0.0014603087911382318,0.0012735528871417046,0.11670427024364471,0.0,0.0,0.0,0.0,0.13824871182441711,0.0,0.0,0.19284722208976746,0.0,0.0,0.0,1.0,0.2567114233970642,0.006535032298415899,0.015593213960528374,0.008318722248077393,0.4226362407207489,0.5973620414733887,0.005378116853535175,0.014336786232888699,0.005942688323557377,0.4368383288383484,0.4815483093261719,0.004945647437125444,0.013687635771930218,0.00522276759147644,0.4466492235660553,0.4053760766983032,0.31740525364875793,0.22920726239681244,0.22857844829559326,7.973794708959758e-05,1.3411596228252165e-05,0.007959260605275631,0.02449626475572586,0.007673364132642746,0.05746360123157501,8.1136568041984e-06,0.08834993839263916,0.003241055877879262,0.0,0.05115007609128952,0.025671128183603287,0.07959926128387451,0.08004329353570938,0.6938961744308472,0.20425736904144287,1.0,0.0007959931972436607,0.007471646647900343,0.0008975803502835333,0.2939140200614929,0.5067090392112732,1.1825430393218994,1.020203697487798,0.27186179682043027,3.7216232695881915,0,1.020203697487798,False,1.0324476211436178,1.154893068548983,1.8034476647803495,1.6948344146991887,1.6765111003200994,1.6707124854485225,1.6948344146991887,1.301481930781581,1.2973863102020087,1.2437125102664848,0.9550229845474733,0.9059833116030508,0.7708206380868418,0.5713191841363999,0.2909427980210999,25272513.38408065,23974789.862351894,20398016.810041428,15118664.117294312,7699140.100250244,0.04610388864625798,0.02051096023943685,0.006170188765447793,0.0019368737657813227,0.00038584082936977916,0.4860460268093802,1.4477897630670324,2.4902359896957496,3.824853588401472,9.603151886772347,1.4493850873243441,1.8612617349681306,1.7380589858994862,1.689981537610792,1.6505813494706048,1.610356297249542
13,13,70.51540398597717,0.6324458122253418,1600,400,5600,0.00018057494816703365,9.028747408351683e-05,22.219837551999944,32.1922852539999,0.823554515838623,0.5656463503837585,0.24447189271450043,0.15191587805747986,0.12167306989431381,0.11780068278312683,1.0310466289520264,0.30975407361984253,0.9029592871665955,2.268840789794922,4.40749979019165,0.3977338671684265,0.4873206317424774,0.38199582695961,1.4136899709701538,0.7122855186462402,0.7998342514038086,0.038751039654016495,0.8220705986022949,0.05387168750166893,0.7739460468292236,0.12104552984237671,1.759554386138916,0.31841304898262024,0.3209080100059509,0.037645380944013596,0.8252508640289307,0.4921155571937561,0.017336253076791763,0.0,0.0,0.0014620998408645391,0.001239823643118143,0.1124848946928978,0.0,0.0,0.0,0.0,0.13732433319091797,0.0,0.0,0.1884150207042694,0.0,0.0,0.0,1.0,0.25218456983566284,0.006572665646672249,0.015615779906511307,0.008432726375758648,0.42809566855430603,0.6002737879753113,0.005403480492532253,0.014390137977898121,0.005981012247502804,0.44269800186157227,0.4873329699039459,0.004985138773918152,0.013781320303678513,0.005228868220001459,0.4525650441646576,0.41239941120147705,0.30975407361984253,0.22573982179164886,0.22688396275043488,7.776726124575362e-05,1.3300809769134503e-05,0.007954678498208523,0.02436603419482708,0.007639921270310879,0.05478692427277565,7.939655006339308e-06,0.08797774463891983,0.003184131346642971,0.0,0.04921155795454979,0.025218453258275986,0.07764356583356857,0.07977007329463959,0.6930657625198364,0.20425771176815033,1.0,0.0007764354231767356,0.007453832309693098,0.0008935061050578952,0.287609726190567,0.5042700171470642,1.1830971240997314,1.0295763943085865,0.271868627313352,3.677788628962068,1,1.020203697487798,False,1.0422936645946361,1.1635814420642656,1.7885439883055632,1.7087006653981849,1.672960959150089,1.673685460828446,1.7087006653981849,1.3286817132643844,1.2987860677457053,1.2504980316155119,0.9561677386539555,0.9082336309351383,0.7747053554933114,0.5778410697864883,0.30292396599577903,25769860.32989192,24477978.988349438,20879232.796524048,15573505.630126953,8164161.97567749,0.04607069296226327,0.020597607267683702,0.006219313657994465,0.0019469032674621883,0.0003983875393156466,0.5222975180942161,1.4574047750585444,2.5317374619800317,3.6611072569671292,8.59012265783618,1.45352682540095,1.869331568728809,1.7462648587192173,1.696940521581902,1.6528698418952759,1.6073029047118326
14,14,71.0508599281311,0.6379234790802002,1600,400,6000,0.0001652347286545999,8.261736432729995e-05,22.200761091000004,32.00386081500005,0.8074498772621155,0.5577355027198792,0.2419544905424118,0.15061146020889282,0.12052897363901138,0.11673866957426071,1.0197114944458008,0.3065526783466339,0.8978128433227539,2.244809150695801,4.367499828338623,0.3993107080459595,0.4890540540218353,0.38202932476997375,1.3770527839660645,0.7122854590415955,0.7998908162117004,0.03791770711541176,0.8208125233650208,0.053985774517059326,0.8124381899833679,0.12454952299594879,1.741577386856079,0.3120209872722626,0.32090815901756287,0.037772390991449356,0.8156222105026245,0.484546422958374,0.017177391797304153,0.0,0.0,0.00148418836761266,0.001234734896570444,0.11038262397050858,0.0,0.0,0.0,0.0,0.1370125412940979,0.0,0.0,0.18677549064159393,0.0,0.0,0.0,1.0,0.24951757490634918,0.006670080125331879,0.01592026650905609,0.008499862626194954,0.43287092447280884,0.5965480208396912,0.00549018569290638,0.014686619862914085,0.006016337778419256,0.44746077060699463,0.4883045554161072,0.005072460509836674,0.014075011014938354,0.005254130344837904,0.4572073221206665,0.41606810688972473,0.3065526783466339,0.22445321083068848,0.2244809865951538,7.688129699090496e-05,1.3264457265904639e-05,0.007986210286617279,0.024452706798911095,0.007640586234629154,0.05221863090991974,7.75074204284465e-06,0.08707894384860992,0.003120211185887456,0.0,0.0484546460211277,0.024951757863163948,0.07662265747785568,0.07978564500808716,0.6935213208198547,0.20425647497177124,1.0,0.0007662265561521053,0.0074568926356732845,0.0008959179394878447,0.28332850337028503,0.5001380443572998,1.1849056482315063,1.0196118991760599,0.26921513041617984,3.651094787003915,2,1.020203697487798,False,1.0327539001897312,1.1541789620559941,1.7990482681462439,1.685454815048548,1.682439463699432,1.668201496909527,1.685454815048548,1.3077804565894395,1.300164983987583,1.243453094792783,0.9554019996001143,0.9069075279459157,0.7731479965975413,0.5766063359554099,0.2970898402355078,25253219.940197825,23971412.325099945,20435875.592235565,15240879.3647995,7852689.318847656,0.04555560922103732,0.020259593395348954,0.006103207426771265,0.001935693824407103,0.00039402175623103443,0.5071751378011411,1.4169027766819784,2.47862072354174,3.8454711896715668,9.21042074748224,1.4392744760065408,1.8700235326975592,1.7459811091573871,1.695752833815885,1.6522679791074,1.6069458746782344
15,15,71.52157425880432,0.6450707912445068,1600,400,6400,0.00014980381089896205,7.490190544948102e-05,22.099141352999823,32.01687352199997,0.7813023328781128,0.5462729334831238,0.23916900157928467,0.14936429262161255,0.119821697473526,0.11600758135318756,1.007021188735962,0.3034491539001465,0.8896284103393555,2.2159008979797363,4.375,0.40126678347587585,0.4860471189022064,0.3809039890766144,1.3331120014190674,0.712285578250885,0.7998946309089661,0.03708437457680702,0.8205474615097046,0.053839296102523804,0.8337680697441101,0.1264350265264511,1.7279096841812134,0.31091180443763733,0.32090824842453003,0.03769773244857788,0.8063499927520752,0.4768213629722595,0.017091549932956696,0.0,0.0,0.0015043256571516395,0.0012215409660711884,0.1092720702290535,0.0,0.0,0.0,0.0,0.1345045417547226,0.0,0.0,0.18380989134311676,0.0,0.0,0.0,1.0,0.24724099040031433,0.006700900848954916,0.01606554351747036,0.008545098826289177,0.43792492151260376,0.5961573123931885,0.005515727214515209,0.014826140366494656,0.006019033491611481,0.45260077714920044,0.49151092767715454,0.0051109446212649345,0.014215514063835144,0.005252838600426912,0.46228185296058655,0.42147889733314514,0.3034491539001465,0.22240710258483887,0.22159011662006378,7.615153299411759e-05,1.3234850484877825e-05,0.008025331422686577,0.02430235594511032,0.007618080358952284,0.0494450144469738,7.5352836574893445e-06,0.08639537543058395,0.0031091158743947744,0.0,0.047682132571935654,0.024724086746573448,0.07558857649564743,0.07929607480764389,0.6911847591400146,0.2042575180530548,1.0,0.0007558866636827588,0.007420723792165518,0.0008768821135163307,0.28179672360420227,0.49695587158203125,1.1880195140838623,1.009313649844426,0.27188733045532937,3.6815787828036624,0,1.009313649844426,False,1.0218788846711822,1.1453750017474895,1.7979577196185543,1.6698773560316051,1.6709886940298277,1.6547999398658073,1.6698773560316051,1.2927667253259663,1.292170689324912,1.2334274923253445,0.9528884298433141,0.9028018280499871,0.7670214845075134,0.5689332135630786,0.29299085744945524,24680569.225621104,23383286.34955597,19866467.314582825,14735823.337059021,7588696.5496521,0.04574679905504002,0.020107616946349483,0.006000591858593309,0.0018746908553599546,0.0003818683600765735,0.4705501094867116,1.4048150155741883,2.534776348466282,3.8553044761997968,9.0479978265478,1.4280855876421215,1.876834807101736,1.7519964188014616,1.7017917549937398,1.656725438828528,1.6031763836200965
16,16,71.93123209476471,0.6479042768478394,1600,400,6800,0.00013446313946766236,6.723156973383118e-05,22.685828182000023,32.77397391399995,0.7741629481315613,0.5407156944274902,0.23664996027946472,0.1473095864057541,0.11802244931459427,0.11436454206705093,0.9954268932342529,0.29945605993270874,0.8808834552764893,2.1989505290985107,4.382499694824219,0.40181785821914673,0.48480355739593506,0.38083770871162415,1.3113778829574585,0.7122857570648193,0.7999402284622192,0.036251042038202286,0.8206390142440796,0.05414082854986191,0.8549603223800659,0.12823180854320526,1.7248241901397705,0.3044329881668091,0.32090818881988525,0.037823013961315155,0.7904402613639832,0.46406447887420654,0.016882210969924927,0.0,0.0,0.0015116516733542085,0.0012142277555540204,0.10702815651893616,0.0,0.0,0.0,0.0,0.13145238161087036,0.0,0.0,0.18338243663311005,0.0,0.0,0.0,1.0,0.24490202963352203,0.006746822968125343,0.016223477199673653,0.00855026114732027,0.4410039186477661,0.5964101552963257,0.005544372834265232,0.014945616014301777,0.006006570998579264,0.45552295446395874,0.49306800961494446,0.005134612321853638,0.014312499202787876,0.005235167685896158,0.46497973799705505,0.42362096905708313,0.29945605993270874,0.22022086381912231,0.2198951542377472,7.457784522557631e-05,1.3147710888006259e-05,0.008036360144615173,0.02424018830060959,0.007616751827299595,0.047531697899103165,7.45768647902878e-06,0.0862412229180336,0.003044330747798085,0.0,0.04640644043684006,0.024490181356668472,0.07379358261823654,0.07921189814805984,0.690858006477356,0.20425714552402496,1.0,0.0007379358285106719,0.007414883002638817,0.0008763757650740445,0.2784937918186188,0.4955276846885681,1.1879054307937622,1.0215746477987868,0.2681463782558977,3.6366515616060555,1,1.009313649844426,False,1.0349926974765296,1.1558724115976156,1.7908938458542445,1.6812359827288013,1.6664958016459357,1.6595578431863323,1.6812359827288013,1.3006280418648937,1.290169478179093,1.234393078348197,0.9558891517189279,0.9081228643486557,0.7756685016316291,0.5789882223405981,0.301456569081,25363464.247474432,24096038.500700474,20581508.089769363,15362813.826934814,7998817.53894043,0.04521079102011123,0.02019591589252024,0.0061320766590605025,0.0019365591147481973,0.0004002754455143978,0.5129346414526095,1.4571450261689844,2.449845313302951,3.714743704200588,9.24395867045295,1.4533898587368186,1.8550948898218096,1.732392515770453,1.6845619321542324,1.645525421667005,1.6045405237707593
17,17,72.29316437244415,0.6513411998748779,1600,400,7200,0.00011939260069033468,5.969630034516734e-05,22.706120714000008,32.782988440999816,0.739753782749176,0.5175507664680481,0.23382216691970825,0.14533694088459015,0.11628597229719162,0.11272719502449036,0.9840330481529236,0.29391592741012573,0.8745473027229309,2.195316791534424,4.394999980926514,0.40259313583374023,0.48711103200912476,0.38070768117904663,1.2725883722305298,0.7122853398323059,0.8000011444091797,0.03541770577430725,0.8203825950622559,0.054152149707078934,0.8744906187057495,0.1283387392759323,1.7194613218307495,0.30169111490249634,0.3209078907966614,0.0377325564622879,0.775568425655365,0.4545687437057495,0.016642188653349876,0.0,0.0,0.0015091844834387302,0.001193375326693058,0.10509572923183441,0.0,0.0,0.0,0.0,0.1304122805595398,0.0,0.0,0.18036194145679474,0.0,0.0,0.0,1.0,0.2419258952140808,0.006787644699215889,0.016208602115511894,0.008677050471305847,0.4452579915523529,0.5932450890541077,0.005552490241825581,0.014909124001860619,0.006070994772017002,0.4599422812461853,0.49283456802368164,0.005137315485626459,0.014270605519413948,0.0052800350822508335,0.46948590874671936,0.4248511791229248,0.29391592741012573,0.21863682568073273,0.2195316106081009,7.307968917302787e-05,1.304365650867112e-05,0.008051857352256775,0.024355538189411163,0.007614148315042257,0.04506983980536461,7.259122412506258e-06,0.08597298711538315,0.0030169105157256126,0.0,0.04545687884092331,0.024192573502659798,0.07209115475416183,0.07904709875583649,0.6902002096176147,0.20425622165203094,1.0,0.0007209117757156491,0.007403353229165077,0.0008748992113396525,0.27516791224479675,0.49469298124313354,1.1888970136642456,1.0039612095780732,0.26455175177178214,3.5827220751482596,0,1.0039612095780732,False,1.0165827422500668,1.1414159261218317,1.78751332119214,1.6644733630026314,1.6709616906842983,1.65384470490574,1.6644733630026314,1.2912894112243003,1.2889880671388727,1.228664023452494,0.954705463969356,0.9056552663682208,0.7706485104211745,0.5712099987864996,0.2928451046266377,24466063.542825937,23209063.036818504,19749269.42049408,14638294.902496338,7504688.313201904,0.04462609073780633,0.019819711251039922,0.005979116925582514,0.0018737075708814383,0.0003778958907833678,0.4749171304725474,1.3664404469172817,2.518867037039895,3.8947406652782837,9.57562342076116,1.4165613406507298,1.8723275525008676,1.7455048449128383,1.6929074935289594,1.6449699780000921,1.591336819254119
18,18,72.59770715236664,0.6533784866333008,1600,400,7600,0.00010476891329264881,5.2384456646324404e-05,22.42399011600014,32.49097734100019,0.7306268215179443,0.517193078994751,0.23163047432899475,0.14410293102264404,0.1152506023645401,0.11176253855228424,0.9717399477958679,0.2914886176586151,0.8673678636550903,2.150155544281006,4.362499713897705,0.40314313769340515,0.4837888479232788,0.3795047998428345,1.2528038024902344,0.712285041809082,0.7999210953712463,0.03458437696099281,0.8211337924003601,0.053955335170030594,0.8697335124015808,0.12529665231704712,1.7081267833709717,0.3011666536331177,0.3209080696105957,0.03772619739174843,0.7649944424629211,0.44580748677253723,0.0165571179240942,0.0,0.0,0.0014977611135691404,0.0011645004851743579,0.10272874683141708,0.0,0.0,0.0,0.0,0.1295529454946518,0.0,0.0,0.1758921593427658,0.0,0.0,0.0,1.0,0.24014215171337128,0.006727251224219799,0.015925368294119835,0.008712677285075188,0.44847971200942993,0.5948873162269592,0.005474114790558815,0.014611739665269852,0.006076363380998373,0.46324220299720764,0.49705299735069275,0.005056864582002163,0.013971570879220963,0.005267785862088203,0.4728327691555023,0.4309677481651306,0.2914886176586151,0.21684196591377258,0.21501551568508148,7.251162605825812e-05,1.3016252523812e-05,0.008062866516411304,0.02418944239616394,0.007590096443891525,0.04333508387207985,7.207137514342321e-06,0.08540638536214828,0.0030116671696305275,0.0,0.044580716639757156,0.024014214053750038,0.07166298478841782,0.07888461649417877,0.6898992657661438,0.2042568325996399,1.0,0.0007166293798945844,0.007393730338662863,0.000875141762662679,0.2735213041305542,0.49046817421913147,1.1918352842330933,1.0046972321174525,0.26446660751908974,3.5427780096791572,1,1.0039612095780732,False,1.0174923275509506,1.1417547244483501,1.7759898049495353,1.6573221603899233,1.6580795905746764,1.6442988311849223,1.6573221603899233,1.2846421245020205,1.2815688599524382,1.2214964060533489,0.9546542306291843,0.9052291338223359,0.770157899275577,0.5737319246073409,0.2974248519067682,24500634.866895795,23232169.05878067,19765645.90047455,14724489.71081543,7633232.497283936,0.0448613710478257,0.019813457561756558,0.005912450237939112,0.0018612001923147114,0.0003832056269673556,0.47077739208372893,1.4452281003758767,2.4850978840625557,3.693320660592236,8.937903044718311,1.4275246427630344,1.8601404920986242,1.7348864832194713,1.684685379982727,1.6420744978113713,1.5939363479913777
19,19,72.85729163885117,0.655159056186676,1600,400,8000,9.076355617391259e-05,4.5381778086956294e-05,22.477476399000125,32.375290292000045,0.7175189852714539,0.5055853724479675,0.2297234982252121,0.1427285373210907,0.11424737423658371,0.11076188832521439,0.9619049429893494,0.2883799970149994,0.8611147999763489,2.131183385848999,4.362499713897705,0.4023057222366333,0.4833465814590454,0.3799302279949188,1.2360434532165527,0.7122857570648193,0.79991215467453,0.03375104442238808,0.8208004832267761,0.05394809693098068,0.8910098075866699,0.12642449140548706,1.6960378885269165,0.2980128824710846,0.32090792059898376,0.03772478178143501,0.7545784711837769,0.4379454255104065,0.01638885773718357,0.0,0.0,0.0015183730283752084,0.0011631461093202233,0.10224524885416031,0.0,0.0,0.0,0.0,0.12871842086315155,0.0,0.0,0.1753787249326706,0.0,0.0,0.0,1.0,0.23843394219875336,0.006795269902795553,0.01611306332051754,0.008792397566139698,0.450477659702301,0.5949200391769409,0.005526193417608738,0.014771910384297371,0.006119240541011095,0.46519339084625244,0.4972634017467499,0.005108192563056946,0.014116284437477589,0.005295883864164352,0.4747297465801239,0.43100881576538086,0.2883799970149994,0.21527869999408722,0.21311834454536438,7.157242362154648e-05,1.2975191566511057e-05,0.008046118542551994,0.024167342111468315,0.007598602678626776,0.04172135144472122,7.163556801970117e-06,0.08480185270309448,0.0029801293276250362,0.0,0.04379451647400856,0.023843392729759216,0.07057496905326843,0.07868727296590805,0.6885377168655396,0.20425669848918915,1.0,0.0007057497277855873,0.007377053145319223,0.0008877944201231003,0.2715007960796356,0.4892216622829437,1.192816138267517,1.0053900774876117,0.2632070983577565,3.534158566655665,2,1.0039612095780732,False,1.018334793948775,1.1428046487747268,1.7785699278650853,1.6575796705572852,1.6588442735894011,1.644833199361977,1.6575796705572852,1.291850623160314,1.2868299246126131,1.2268792864504396,0.9550704187350281,0.9065962767548105,0.7733367098594333,0.5759646347870853,0.29866712222919645,24545134.05207753,23299357.52123308,19874611.168497086,14802185.150733948,7675690.093902588,0.04426872582693438,0.019659750532074898,0.005949461065710463,0.001872173647094953,0.0003848575448912629,0.4937205604117867,1.3853246837065554,2.493983782878891,3.794614258053885,8.948680692119686,1.4185947164108246,1.8661973155542169,1.738662424469579,1.6867352494205194,1.640012810401625,1.5883107329125241
20,20,73.07917958498001,0.6584264636039734,1600,400,8400,7.754075762743008e-05,3.877037881371504e-05,22.819079552999938,32.717202477,0.6980478763580322,0.49327731132507324,0.2288774996995926,0.14261530339717865,0.11409223079681396,0.11066823452711105,0.9599056243896484,0.28694552183151245,0.8591071367263794,2.154256820678711,4.404999732971191,0.40401512384414673,0.48474809527397156,0.37983110547065735,1.2111518383026123,0.7122855186462402,0.7998536229133606,0.032917704433202744,0.820140540599823,0.054182905703783035,0.9013193249702454,0.1322994828224182,1.6968755722045898,0.29615554213523865,0.3209080398082733,0.037782106548547745,0.7495341300964355,0.43270301818847656,0.016444925218820572,0.0,0.0,0.0015016295947134495,0.0011530723422765732,0.10149878263473511,0.0,0.0,0.0,0.0,0.12708550691604614,0.0,0.0,0.17337509989738464,0.0,0.0,0.0,1.0,0.23731832206249237,0.006815910339355469,0.016076499596238136,0.00882920902222395,0.45364126563072205,0.5929363965988159,0.005522454157471657,0.014695589430630207,0.006136102136224508,0.46840816736221313,0.497711181640625,0.005096235778182745,0.014024347998201847,0.0053067319095134735,0.4779517948627472,0.4330047369003296,0.28694552183151245,0.21477678418159485,0.21542569994926453,7.133576582418755e-05,1.299323503189953e-05,0.008080311119556427,0.024237405508756638,0.007596622686833143,0.0398688018321991,7.070880201354157e-06,0.08484379947185516,0.0029615568928420544,0.0,0.043270304799079895,0.02373182214796543,0.07045107334852219,0.07857786118984222,0.6884943842887878,0.2042570263147354,1.0,0.000704510894138366,0.007371364161372185,0.0008850262383930385,0.2698492407798767,0.48746180534362793,1.1946659088134766,1.0045514106310978,0.2629117445187466,3.5289506206628647,3,1.0039612095780732,False,1.017882173578036,1.1420763417097437,1.7775583602774763,1.6598389304332632,1.6602400373564186,1.6467013827534556,1.6598389304332632,1.2927719761028242,1.2859664461124332,1.226547756847762,0.9551196087446925,0.9066534980625509,0.7729942936599772,0.5766589172320603,0.301625757511227,24505463.53858173,23261970.579894543,19832682.006929398,14795313.530418396,7738799.345458984,0.044178263654910885,0.019626200865667923,0.005903404020736761,0.0018578570250877562,0.0003858014979906385,0.49282753718189076,1.3832706418105123,2.4908580623354646,3.8013154543317316,8.93482291571626,1.420093236737721,1.8644327126814613,1.7368286930665802,1.6842791989938557,1.6354546019271279,1.5834163329017361
21,21,73.26816409826279,0.6597947478294373,1600,400,8800,6.525556958222975e-05,3.262778479111488e-05,23.00968426999998,32.87443002700002,0.7019363045692444,0.49921518564224243,0.22760765254497528,0.1413881778717041,0.11287635564804077,0.10948088765144348,0.9519675374031067,0.2849860191345215,0.8523574471473694,2.1314985752105713,4.384999752044678,0.40393924713134766,0.4873749017715454,0.3791242241859436,1.2036148309707642,0.7122857570648193,0.7998976707458496,0.03208437189459801,0.8192090392112732,0.05399564653635025,0.9108119010925293,0.13201509416103363,1.6932748556137085,0.2958969473838806,0.3209080696105957,0.03777668997645378,0.7408031225204468,0.4269625246524811,0.016243524849414825,0.0,0.0,0.0015137458685785532,0.0011525722220540047,0.09985928237438202,0.0,0.0,0.0,0.0,0.12699681520462036,0.0,0.0,0.1706397533416748,0.0,0.0,0.0,1.0,0.23640607297420502,0.00683616753667593,0.016223814338445663,0.00882008858025074,0.456545889377594,0.5931225419044495,0.005546561907976866,0.014845376834273338,0.00612016674131155,0.4712657034397125,0.49894776940345764,0.005129520315676928,0.014174208045005798,0.0052948915399611,0.480802059173584,0.43485507369041443,0.2849860191345215,0.21308936178684235,0.2131500244140625,7.044435187708586e-05,1.2847657671954948e-05,0.008078781887888908,0.02436874620616436,0.007582488004118204,0.038618844002485275,6.96508777764393e-06,0.0846637710928917,0.002958969445899129,0.0,0.0426962710916996,0.023640599101781845,0.06935381144285202,0.07824943959712982,0.687535285949707,0.20425629615783691,1.0,0.0006935381097719073,0.007350144907832146,0.0008832587045617402,0.2684459090232849,0.4849972426891327,1.196351408958435,1.011789105595383,0.26412097408211466,3.582445107953855,4,1.0039612095780732,False,1.0252374720684176,1.1480142636790633,1.7600193212196602,1.6626167005040071,1.6513570425905746,1.643754525795869,1.6626167005040071,1.2910500991549978,1.281166729917397,1.224031037130507,0.9556847486618228,0.9077797134364277,0.775345004359846,0.5803738309404629,0.30472979584979204,24874564.04573655,23627691.71833372,20180680.915433884,15105970.926513672,7931507.5751953125,0.04435722143000084,0.01974997671582355,0.005960237863595001,0.0018869229142726967,0.0003945330641598629,0.5093904136731514,1.4166132879702666,2.4750237476102614,3.7079335824815947,8.828125679561994,1.4365308950519542,1.8547797182630281,1.7282327558974744,1.6782544794401568,1.6359762549567296,1.5914176477959794
22,22,73.42829447984695,0.6617986559867859,1600,400,9200,5.4052049447807065e-05,2.7026024723903533e-05,22.863727893000032,32.75554875900002,0.6863222122192383,0.4894097149372101,0.22522221505641937,0.13963834941387177,0.11162737756967545,0.10828333348035812,0.9394960403442383,0.2814004421234131,0.8437892198562622,2.107991933822632,4.380000114440918,0.4047449827194214,0.48591962456703186,0.37875616550445557,1.1749591827392578,0.7122855186462402,0.7999211549758911,0.03125103935599327,0.818598747253418,0.05400223657488823,0.9024408459663391,0.13265182077884674,1.6804234981536865,0.2940337657928467,0.32090792059898376,0.03768952935934067,0.7231018543243408,0.4119068682193756,0.016133805736899376,0.0,0.0,0.0015132302651181817,0.001147341332398355,0.10040229558944702,0.0,0.0,0.0,0.0,0.12524011731147766,0.0,0.0,0.17048470675945282,0.0,0.0,0.0,1.0,0.23387032747268677,0.00681614363566041,0.0160936638712883,0.008900521323084831,0.45672160387039185,0.5934453010559082,0.005519053433090448,0.014725188724696636,0.006162812002003193,0.4716009795665741,0.5001919269561768,0.005099129397422075,0.014061933383345604,0.005315295420587063,0.4812789559364319,0.43627357482910156,0.2814004421234131,0.21094730496406555,0.2107991874217987,6.957179721212015e-05,1.28571227833163e-05,0.008094902150332928,0.0242959875613451,0.007575124502182007,0.036720335483551025,6.900186690472765e-06,0.08402119576931,0.0029403388034552336,0.0,0.041190676391124725,0.02338702417910099,0.06884197890758514,0.07819923758506775,0.6871678829193115,0.20425722002983093,1.0,0.0006884196191094816,0.0073458002880215645,0.0008784009842202067,0.2692347466945648,0.484312504529953,1.1967225074768066,1.002975977950695,0.2618038688205347,3.4745819720468107,5,1.0039612095780732,False,1.016201258301796,1.140533437978153,1.781572824710735,1.6595134573360635,1.6647865080986013,1.6492542615510468,1.6595134573360635,1.2939443331058045,1.2861371637576247,1.2266589595494477,0.9549998340033479,0.9066236697037656,0.7740041067147616,0.5797463258724451,0.30505511762904913,24425596.808313847,23188301.63585186,19796351.33478737,14827908.343711853,7802256.128448486,0.04386428125523107,0.01943241516064194,0.0058378386117092975,0.0018495974354682196,0.00038709943350228,0.47352613869855736,1.4028658989183873,2.5152179410539204,3.7817526693852828,8.726675786056216,1.4231292944659812,1.8641176246340805,1.736585635963654,1.6854414666236415,1.6402742498521325,1.5882081235782375
23,23,73.57029092311859,0.663273811340332,1600,400,9600,4.406157088176136e-05,2.203078544088068e-05,22.868002053000055,32.86379471300006,0.677863359451294,0.485720157623291,0.2242005318403244,0.13896767795085907,0.11113085597753525,0.10783876478672028,0.9342177510261536,0.27995729446411133,0.8417908549308777,2.0904266834259033,4.369999885559082,0.4052260220050812,0.48599714040756226,0.37882205843925476,1.165010929107666,0.7122856974601746,0.7998713254928589,0.030417708680033684,0.818580150604248,0.05411160737276077,0.9023135304450989,0.13157913088798523,1.6800727844238281,0.2918355464935303,0.32090824842453003,0.03773052245378494,0.719427764415741,0.40997377038002014,0.016043586656451225,0.0,0.0,0.0015030805952847004,0.0011409347644075751,0.09857694059610367,0.0,0.0,0.0,0.0,0.12450528144836426,0.0,0.0,0.16974496841430664,0.0,0.0,0.0,1.0,0.23303157091140747,0.0068136644549667835,0.01603759080171585,0.008931570686399937,0.4580564796924591,0.5929607152938843,0.005502306856215,0.014650745317339897,0.006176171824336052,0.47293636202812195,0.5001223087310791,0.005078527610749006,0.013981658965349197,0.005320361349731684,0.4825739860534668,0.4366893768310547,0.27995729446411133,0.21044771373271942,0.20904278755187988,6.92380199325271e-05,1.285285543417558e-05,0.008104522712528706,0.024299850687384605,0.007576447445899248,0.03544699400663376,6.890414169902215e-06,0.08400366455316544,0.0029183533042669296,0.0,0.04099738597869873,0.023303145542740822,0.0685935989022255,0.07817602157592773,0.6872066259384155,0.2042570859193802,1.0,0.0006859363638795912,0.007344831712543964,0.0008754334994591773,0.2668588161468506,0.48363998532295227,1.197611689567566,1.0023688185208175,0.2615120335658649,3.502898482385961,0,1.0023688185208175,False,1.0155841736242746,1.1402744148924073,1.7683181230130962,1.655071217448314,1.655092919474644,1.642689235796274,1.655071217448314,1.2904923340971952,1.2853971115893064,1.2273931669306712,0.9551325141370856,0.9068666693609547,0.7736331912049471,0.5791835284028827,0.3028862105294734,24399422.695557,23166443.25969839,19762915.57886696,14795584.401786804,7737406.663452148,0.04381397642131018,0.019474224416668448,0.005849402037176649,0.0018531765909700188,0.0003849362076495442,0.47612468885521114,1.3827837826165357,2.5034019035297934,3.8455220924307905,9.090494267033968,1.4172802192574272,1.8672773282150297,1.7392312447170293,1.6867701080093374,1.6402967926320013,1.5889456336087449
24,24,73.68226265907288,0.6643344163894653,1600,400,10000,3.5401283288444307e-05,1.7700641644222153e-05,23.50501691699992,33.47540539500005,0.6850442886352539,0.4880402684211731,0.2239309400320053,0.1386898159980774,0.1107787936925888,0.10749490559101105,0.930048406124115,0.2796090543270111,0.8366608023643494,2.08072566986084,4.34499979019165,0.4050772786140442,0.4876827001571655,0.37807196378707886,1.155070185661316,0.7122854590415955,0.7998788952827454,0.029584374278783798,0.8193415403366089,0.05398602783679962,0.9022157192230225,0.13287699222564697,1.6787753105163574,0.2923193573951721,0.3209081292152405,0.03771689161658287,0.7165307998657227,0.40750107169151306,0.016017960384488106,0.0,0.0,0.0015089309308677912,0.001133468234911561,0.09824508428573608,0.0,0.0,0.0,0.0,0.12329789251089096,0.0,0.0,0.16923046112060547,0.0,0.0,0.0,1.0,0.23257781565189362,0.006806421559303999,0.01600024104118347,0.008934378623962402,0.45959827303886414,0.5923157334327698,0.005486662033945322,0.014599749818444252,0.006174605805426836,0.47439044713974,0.5008248686790466,0.005060900468379259,0.013927796855568886,0.005316153168678284,0.4839465320110321,0.43807241320610046,0.2796090543270111,0.20916520059108734,0.20807254314422607,6.907198985572904e-05,1.282153698412003e-05,0.00810154527425766,0.02438412792980671,0.007561438716948032,0.03417021036148071,6.848769771750085e-06,0.08393880724906921,0.002923191525042057,0.0,0.040750131011009216,0.023257778957486153,0.06834812462329865,0.07815974205732346,0.6868690848350525,0.20425687730312347,1.0,0.0006834815139882267,0.007342329248785973,0.0008740380289964378,0.2663225829601288,0.48237180709838867,1.198069453239441,1.003910541159231,0.2611639733059524,3.5059011444681545,1,1.0023688185208175,False,1.0173823495411412,1.1414156032073013,1.7804773260186757,1.656459240918459,1.6665857807860045,1.6481845050234905,1.656459240918459,1.29460915609194,1.2897785874130974,1.2297300694965654,0.9553909220112679,0.9072839951342733,0.7749086091886851,0.5817119844036366,0.3054623777851745,24481158.409692883,23248455.366000652,19856437.796840668,14905922.707557678,7827238.763183594,0.04375356342295014,0.019417665893464196,0.005838743233429533,0.0018615935061061179,0.00038902667108017185,0.4751672318844506,1.3746118350180276,2.517156137910292,3.8922386230743893,8.996039159527973,1.4181981666035124,1.8730131865027353,1.7453055615112105,1.6924401964041336,1.644361133165477,1.5903431747633414
25,25,73.7717627286911,0.6659198999404907,1600,400,10400,2.81727381127006e-05,1.40863690563503e-05,22.77230242199994,32.89950110199993,0.6807224154472351,0.48566070199012756,0.22304107248783112,0.13836508989334106,0.1107010617852211,0.10740963369607925,0.9267639517784119,0.27902695536613464,0.8357567191123962,2.076413869857788,4.382499694824219,0.4064183235168457,0.48828616738319397,0.3785390853881836,1.15127694606781,0.7122852206230164,0.7998159527778625,0.028751041740179062,0.8183836340904236,0.05410916358232498,0.9080162644386292,0.13310687243938446,1.6680569648742676,0.2915329337120056,0.3209081292152405,0.03770819306373596,0.7125878930091858,0.40345194935798645,0.016029464080929756,0.0,0.0,0.0015084297629073262,0.0011329581029713154,0.09809336811304092,0.0,0.0,0.0,0.0,0.12379373610019684,0.0,0.0,0.1675126999616623,0.0,0.0,0.0,1.0,0.23174075782299042,0.00682196905836463,0.01602259650826454,0.00896961148828268,0.461245596408844,0.5931504964828491,0.0054945070296525955,0.014619109220802784,0.006189870182424784,0.4760599136352539,0.501894474029541,0.005068926140666008,0.013946258462965488,0.005327210761606693,0.4856394827365875,0.4394332468509674,0.27902695536613464,0.20893917977809906,0.20764130353927612,6.883488822495565e-05,1.2817644346796442e-05,0.00812836829572916,0.0244143083691597,0.007570778485387564,0.03310336172580719,6.817538178438554e-06,0.0834028497338295,0.0029153297655284405,0.0,0.040345218032598495,0.02317408286035061,0.06829453259706497,0.07804471999406815,0.6857655048370361,0.2042573243379593,1.0,0.0006829447811469436,0.007331063970923424,0.0008754305890761316,0.2656850218772888,0.4805483818054199,1.1995662450790405,1.003426279153211,0.2623335335225338,3.523405531007152,2,1.0023688185208175,False,1.017225015175052,1.1410085755979278,1.76572823900572,1.6521707441993254,1.6542832231435578,1.6400473587630893,1.6521707441993254,1.2876537987827845,1.282600111373018,1.2231667151439816,0.9547969219401259,0.9061530997822906,0.7732421236859662,0.5794813840861285,0.30562631158812686,24442339.761670113,23197081.423308372,19794624.669258118,14834443.377357483,7823885.871734619,0.04408268840359911,0.01946588616429063,0.0058358327113731245,0.0018499120865013447,0.00038977396728384416,0.4856673010735614,1.3832033704391873,2.496146306323395,3.8232701686147963,8.87947461036431,1.4204039298885809,1.8632509775116324,1.7355791830634264,1.683210920823347,1.636816477693003,1.5862819502284928
26,26,73.84348833560944,0.666373610496521,1600,400,10800,2.2460698036925176e-05,1.1230349018462588e-05,22.453290214999925,32.78322087999982,0.6688801646232605,0.480771541595459,0.2219342738389969,0.13756050169467926,0.11010565608739853,0.10683513432741165,0.9238045811653137,0.2772068679332733,0.8338735103607178,2.0817582607269287,4.367499828338623,0.40661677718162537,0.4868679940700531,0.3778822720050812,1.1351884603500366,0.712285578250885,0.7999394536018372,0.027917711064219475,0.8184624314308167,0.05399104580283165,0.9083413481712341,0.13276126980781555,1.6835029125213623,0.2909318506717682,0.3209080398082733,0.03766586631536484,0.7072231769561768,0.3996691107749939,0.015955977141857147,0.0,0.0,0.0015052398666739464,0.0011317461030557752,0.09809047728776932,0.0,0.0,0.0,0.0,0.12344217300415039,0.0,0.0,0.16700828075408936,0.0,0.0,0.0,1.0,0.23079156875610352,0.006820277310907841,0.015988154336810112,0.009003939107060432,0.46206775307655334,0.593160092830658,0.005485792178660631,0.014582461677491665,0.006206451449543238,0.47699466347694397,0.5022075772285461,0.005060568917542696,0.013912005349993706,0.005338281858712435,0.4866354763507843,0.4398365616798401,0.2772068679332733,0.20846837759017944,0.20817595720291138,6.836288230260834e-05,1.2765911378664896e-05,0.008132340386509895,0.02434341423213482,0.007557643577456474,0.031695473939180374,6.778810075047659e-06,0.084175243973732,0.0029093180783092976,0.0,0.039966922253370285,0.02307915687561035,0.06749138981103897,0.07803504914045334,0.6859005093574524,0.20425677299499512,1.0,0.0006749141030013561,0.007331260945647955,0.000870741147082299,0.2656344175338745,0.4800408184528351,1.19978928565979,1.0061009389714033,0.26179877494628395,3.517757579776632,3,1.0023688185208175,False,1.0200074981742682,1.1431635601040198,1.76586364001433,1.6554862439453883,1.6513341707389073,1.6411926193160165,1.6554862439453883,1.2925733267461206,1.282407462064085,1.2251068007239405,0.9553833831588776,0.9073112392520818,0.7752674030001624,0.5829392476585591,0.3100922657857543,24587910.123653412,23350717.2075243,19952414.45767975,15002624.162864685,7980587.579376221,0.04387368145484569,0.019439534140266397,0.0058318995734590595,0.00185506449716877,0.00039484771519298804,0.4927343817684584,1.3974740299997221,2.496435640469829,3.7714726413087445,8.666397370435401,1.42557656355975,1.8614045288006695,1.7337880451117473,1.6823408856501196,1.6368761788093296,1.5883248072562257
27,27,73.89871120452881,0.6671497821807861,1600,400,11200,1.8332143044918304e-05,9.166071522459152e-06,23.38523979499996,33.35145516800003,0.6819679737091064,0.4890354573726654,0.22229520976543427,0.13753275573253632,0.1099168211221695,0.1066630557179451,0.9204424619674683,0.27772650122642517,0.830555260181427,2.0640344619750977,4.380000114440918,0.40581050515174866,0.4870389401912689,0.37789350748062134,1.1584300994873047,0.712285578250885,0.7999078035354614,0.02708437293767929,0.8187386989593506,0.053926367312669754,0.9100013375282288,0.13101205229759216,1.6679693460464478,0.2919701933860779,0.3209080100059509,0.03769033029675484,0.7048113942146301,0.39770838618278503,0.015917722135782242,0.0,0.0,0.001502064405940473,0.001125662005506456,0.09773532301187515,0.0,0.0,0.0,0.0,0.12307669222354889,0.0,0.0,0.16738198697566986,0.0,0.0,0.0,1.0,0.2309684157371521,0.006812085397541523,0.015960393473505974,0.008985919877886772,0.462182879447937,0.5915853977203369,0.005474359728395939,0.014542683027684689,0.006199090741574764,0.47701317071914673,0.5008893609046936,0.005047623999416828,0.013868721202015877,0.005332144908607006,0.48657628893852234,0.4389338195323944,0.27772650122642517,0.20763881504535675,0.20640338957309723,6.845501775387675e-05,1.277176670555491e-05,0.008116206154227257,0.024351954460144043,0.007557873148471117,0.03137357160449028,6.7968949224450625e-06,0.0833984911441803,0.0029197032563388348,0.0,0.03977083042263985,0.02309686690568924,0.06793469935655594,0.07787107676267624,0.6854612827301025,0.2042558789253235,1.0,0.0006793467327952385,0.007320860400795937,0.0008724338840693235,0.265423446893692,0.47979649901390076,1.199438452720642,1.0053550837457295,0.26095228073536525,3.5014593422493734,4,1.0023688185208175,False,1.0187260385142645,1.1424760412588604,1.7685744063531672,1.653681525423585,1.6544961522836996,1.6420576854093207,1.653681525423585,1.2911251686045013,1.2830310810312193,1.2236237001124104,0.9554529636927559,0.9074929862874519,0.7761558166090626,0.5834360923178833,0.3077936349281849,24553256.090022564,23320779.29414463,19945673.15727234,14993156.472587585,7909689.151062012,0.04370384855971636,0.01935646626752134,0.005841850412381644,0.0018648186791956512,0.000391701204861736,0.488724349288114,1.395793208732671,2.4780268455615375,3.8060859395247655,9.14836498114951,1.4228452068812667,1.8628928761656738,1.7352455233313544,1.6834407771962405,1.638421581564374,1.5896058942133842
28,28,73.94526094198227,0.6677533984184265,1600,400,11600,1.5835485007537712e-05,7.917742503768856e-06,22.208785717000183,32.063492331000134,0.6688953042030334,0.47832292318344116,0.22203779220581055,0.1374952793121338,0.11011763662099838,0.10685946047306061,0.9193865656852722,0.27711111307144165,0.8323602676391602,2.071462631225586,4.375,0.40675851702690125,0.48815497756004333,0.3779309093952179,1.1281384229660034,0.7122854590415955,0.7999053597450256,0.026251040399074554,0.8181241154670715,0.054021205753088,0.9041893482208252,0.13139306008815765,1.6667842864990234,0.28958603739738464,0.3209081292152405,0.037747859954833984,0.7071937322616577,0.3994464874267578,0.015959005802869797,0.0,0.0,0.0015043362509459257,0.001123967464081943,0.09719899296760559,0.0,0.0,0.0,0.0,0.12287382781505585,0.0,0.0,0.16699211299419403,0.0,0.0,0.0,1.0,0.2305881381034851,0.006808259524405003,0.01591450534760952,0.00900734681636095,0.4628058969974518,0.5910471081733704,0.005460215732455254,0.014483886770904064,0.006209005601704121,0.47770261764526367,0.5007864832878113,0.005029008723795414,0.013805319555103779,0.005339690949767828,0.4873712956905365,0.4392484128475189,0.27711111307144165,0.20809006690979004,0.20714625716209412,6.825755554018542e-05,1.2795317161362618e-05,0.008135173469781876,0.02440773695707321,0.007558611687272787,0.029615001752972603,6.738774573022965e-06,0.08333918452262878,0.0028958600014448166,0.0,0.03994464874267578,0.0230588149279356,0.06743120402097702,0.07791067659854889,0.6852547526359558,0.2042572945356369,1.0,0.0006743124104104936,0.007321805693209171,0.0008673632983118296,0.26485466957092285,0.47956857085227966,1.1996184587478638,1.0026870932379994,0.26089427450399666,3.498322938539971,5,1.0023688185208175,False,1.0160649650774922,1.1404438324654955,1.774058226345303,1.6537056127171454,1.6572039867575081,1.6426715455804086,1.6537056127171454,1.2898715540578523,1.2862162541344433,1.2256452277785685,0.9552619145858394,0.9070247014293128,0.774548078524442,0.5810010870709156,0.30690223571598546,24418227.600254655,23185196.91864443,19798854.094324112,14851441.854293823,7844977.935699463,0.043755529991907176,0.019394145728738085,0.005825999866587962,0.0018487321451271252,0.0003896166417672816,0.4766471268750369,1.383275794587698,2.512622542388007,3.8394475997602746,8.849113034907772,1.4189571579390516,1.8678053505299241,1.7397377324300263,1.6876600995586604,1.640900393612715,1.5880447548779917
29,29,73.98806303739548,0.6684120297431946,1600,400,12000,1.4999999999999999e-05,7.499999999999999e-06,23.44124931500005,33.589431617999935,0.6630825400352478,0.47734442353248596,0.2210060954093933,0.13670910894870758,0.10941796749830246,0.1061871200799942,0.9147884845733643,0.27550387382507324,0.8293640613555908,2.0660386085510254,4.409999847412109,0.4060906171798706,0.4873984754085541,0.3779686391353607,1.1250282526016235,0.7122856974601746,0.7998713254928589,0.025417711585760117,0.8181043267250061,0.05395616590976715,0.911274790763855,0.1321128010749817,1.6692734956741333,0.2885628342628479,0.3209080100059509,0.03771893307566643,0.698859691619873,0.39322948455810547,0.015882795676589012,0.0,0.0,0.0015004625311121345,0.001120191183872521,0.09680366516113281,0.0,0.0,0.0,0.0,0.12369702756404877,0.0,0.0,0.16664715111255646,0.0,0.0,0.0,1.0,0.22954508662223816,0.006808805279433727,0.01591869443655014,0.008992791175842285,0.4634458124637604,0.591019332408905,0.005458340514451265,0.014478021301329136,0.006198682822287083,0.4782905578613281,0.5012974143028259,0.00502588739618659,0.013793490827083588,0.005331916268914938,0.48793646693229675,0.4399851858615875,0.27550387382507324,0.2073410153388977,0.20660388469696045,6.781015690648928e-05,1.277028422919102e-05,0.008121814578771591,0.024369914084672928,0.007559378631412983,0.028597136959433556,6.7267060330777895e-06,0.083463653922081,0.002885627094656229,0.0,0.03932296857237816,0.022954516112804413,0.06705665588378906,0.07768027484416962,0.6845144033432007,0.20425748825073242,1.0,0.0006705672130919993,0.007306585554033518,0.0008689287933520973,0.2645969092845917,0.4793362021446228,1.2000980377197266,1.0031526831971629,0.2603819311547425,3.470865797329854,6,1.0023688185208175,False,1.0163790129936576,1.140618976052855,1.7670754534751236,1.6516168706304013,1.6537474696841292,1.64036706299066,1.6516168706304013,1.2881555358812815,1.282188212695302,1.222622493341626,0.9553942682099719,0.9073949542745171,0.7757054093460815,0.5827413585388899,0.3084109948245784,24444296.034995437,23216206.775559902,19846856.206840515,14909763.1772995,7890867.580841064,0.04357672954233378,0.019313555732878893,0.005817268300418737,0.0018516426671835334,0.0003915045479660328,0.4812230958693107,1.398958541711976,2.4926605805642805,3.792085539714888,8.795777448273089,1.4212212352692497,1.8626597056840377,1.7347025958221431,1.682723716961701,1.6371562956557757,1.5871003996932382
