model,kind,radius_px,pixels,rmse_m,mae_m,sse_fraction_global,bad_1m_rate,bad_2m_rate,bad_3m_rate,bad_5m_rate,bad_10m_rate
initial v3,bands,1,1725092,1.9100352288328446,0.9794477010050054,0.22651748923785725,0.27827965117222736,0.11575962325487568,0.0630418551590292,0.026284974946263737,0.005684914195880568
initial v3,bands,2,2598642,1.787366783508978,0.8642087648775368,0.29879996472548503,0.23294705465393079,0.0960062986744615,0.052633644803709016,0.02243825813636507,0.00512998712404402
initial v3,bands,3,3346179,1.7385475257725187,0.7973812646801995,0.36402316969059556,0.20553771929116763,0.08517984244118441,0.04735251760291365,0.020713476475705574,0.005046352869945093
initial v3,bands,5,4563265,1.6976360110950384,0.7203278193716605,0.47333821790885844,0.1741645510396613,0.07351841280311357,0.041911000128197685,0.019173771411478403,0.005088681021154809
initial v3,bands,10,6665785,1.656153160975067,0.6273834755843641,0.6580501923967831,0.13898033014866215,0.06044959445886718,0.03558995677178307,0.01718012207114391,0.00509377365156542
initial v3,rings,1,1725092,1.9100352288328446,0.9794477010050054,0.22651748923785725,0.27827965117222736,0.11575962325487568,0.0630418551590292,0.026284974946263737,0.005684914195880568
initial v3,rings,2,873550,1.5162445863238816,0.6366341935284361,0.07228247548762758,0.14342395970465344,0.0569973098277145,0.0320794459389846,0.014841737736821018,0.00403411367408849
initial v3,rings,3,747537,1.5569739973662646,0.5650706917349018,0.06522320496511062,0.11025541210669171,0.047544134939140135,0.0289938825770497,0.01471766614896654,0.004755617447698241
initial v3,rings,5,1217086,1.5797049550836078,0.5084819674194713,0.10931504821826234,0.08790915350271057,0.041457218306676764,0.026950437356111235,0.014940604032911397,0.00520505535352473
initial v3,rings,10,2102520,1.5623347622675143,0.42565903493574403,0.18471197448792456,0.06261724026406408,0.03208530715522326,0.021870897779807087,0.01285314765138976,0.005104826589045527
v5_piecewise best,bands,1,1725092,1.888732530491444,0.9699476389804645,0.23109983858191974,0.275720367377508,0.11370929782295669,0.06152831269288826,0.025613706399426815,0.00548028742814876
v5_piecewise best,bands,2,2598642,1.7647647063879706,0.8547307688081157,0.3039250752380987,0.230326839941785,0.09405412519308162,0.051272934094038346,0.021781761396914234,0.004914105136452039
v5_piecewise best,bands,3,3346179,1.7150940236531589,0.7879206766188418,0.36963364646158564,0.20293116417262794,0.08333475286289227,0.046071055971602236,0.020073642205034457,0.004825802803735246
v5_piecewise best,bands,5,4563265,1.6724438145899228,0.7108552036372988,0.4793196388893929,0.17166524407414427,0.07181480803766602,0.04071930952947068,0.018537384964493624,0.0048577060503827854
v5_piecewise best,bands,10,6665785,1.627259820099574,0.6177407239196145,0.6628443579345874,0.13662456859919725,0.058929593438732275,0.034489261204794334,0.016535786857811947,0.004843690578078951
v5_piecewise best,rings,1,1725092,1.888732530491444,0.9699476389804645,0.23109983858191974,0.275720367377508,0.11370929782295669,0.06152831269288826,0.025613706399426815,0.00548028742814876
v5_piecewise best,rings,2,873550,1.4899573544796936,0.6271997734451054,0.07282523665617888,0.14068341823593383,0.055238967431744036,0.031020548337244578,0.014214412454925305,0.003796004807967489
v5_piecewise best,rings,3,747537,1.5299295581562078,0.5556706186458998,0.06570857122348699,0.10769634145199501,0.046071298143101944,0.02798791230400636,0.014135755153256628,0.004518839870133518
v5_piecewise best,rings,5,1217086,1.5491437566564898,0.4989762835643487,0.10968599242780697,0.08570470780207808,0.04014260290562869,0.02600555753660793,0.014313696813536595,0.0049454188118177355
v5_piecewise best,rings,10,2102520,1.524593226899676,0.41564702384117597,0.18352471904519446,0.06057302665372981,0.03096379582596123,0.02096769590776782,0.012191560603466317,0.004813271693016
