epoch,cumulative_epoch_index,surface_parameter_norm,train_samples,val_samples,global_step,lr_decoder,lr_encoder,lr_new_heads,train_seconds,epoch_seconds,loss_gt_D16,loss_gt_D8,loss_gt_D4,loss_gt_D2,loss_gt_D1,loss_gt_D_full,loss_total,loss_metric,loss_rmse,loss_range,loss_range_active_bins,loss_sparse,loss_holdout,loss_trust,loss_metric_kd,loss_kd_coverage,loss_kd_mean_confidence,loss_lambda_kd,loss_sensor_gate_mean,loss_sensor_gt_conflict_fraction,loss_abs_delta4_mean,loss_abs_delta1_mean,loss_boundary_rmse,loss_barrier,loss_barrier_support,loss_barrier_positive_fraction,loss_surface_abs_delta_mean,loss_surface_amplitude,loss_surface_barrier_mean,loss_surface_transport_weight_mean,loss_surface_transport_abs_delta_mean,loss_surface_reaction_abs_delta_mean,loss_weighted_metric,loss_weighted_rmse,loss_weighted_range,loss_weighted_log,loss_weighted_edge,loss_weighted_sparse,loss_weighted_holdout,loss_weighted_trust,loss_weighted_metric_kd,loss_weighted_teacher_edge,loss_weighted_boundary,loss_weighted_barrier,val_rmse_m,val_mae_m,val_irmse_km_inv,val_pre_anchor_rmse_m,val_legacy_hard_rmse_m,val_native_D0_rmse_m,val_native_D4_rmse_m,val_native_D4_base_rmse_m,val_rmse_0-20_m,val_rmse_20-40_m,val_rmse_40-60_m,val_rmse_60-80_m,val_rmse_80-120_m,val_rmse_edge_m,val_gt_boundary_1px_rmse_m,val_gt_boundary_2px_rmse_m,val_gt_boundary_3px_rmse_m,val_gt_boundary_5px_rmse_m,val_gt_boundary_10px_rmse_m
0,30,47.086065848125145,1600,400,800,0.0001,2.5e-05,0.0001,135.772215599,164.35287337399996,0.8024857640266418,0.5346314311027527,0.28577783703804016,0.15885168313980103,0.12193410843610764,0.11896049976348877,0.9545389413833618,0.31724342703819275,0.9207935333251953,2.2001304626464844,4.088749885559082,0.3734808564186096,0.48061424493789673,0.38702064752578735,1.010841965675354,0.7122853398323059,0.7995820641517639,0.049167703837156296,0.8225261569023132,0.0543428510427475,0.12996959686279297,0.05145258828997612,1.797048807144165,0.8199793696403503,0.32090824842453003,0.037735503166913986,0.0017248628428205848,0.0023707307409495115,0.14388656616210938,0.4343588650226593,0.0004544537514448166,0.0015309405280277133,0.31724342703819275,0.23019838333129883,0.2200133204460144,7.882718637119979e-05,1.3541442967834882e-05,0.007469621021300554,0.024030713364481926,0.007740413770079613,0.049689941108226776,9.144517207460012e-06,0.08985242992639542,0.008199791423976421,1.0514313858570965,0.2709677072760209,3.781297860152462,1.0610064385854716,1.1795479843501748,2.0760101849432937,1.902638439691326,1.9031651490457226,0.51329913599972,1.4754772911659235,2.5340325701210658,3.967693243454087,10.364729559196785,1.4925396808350255,1.9066524260328108,1.7840333358685825,1.7363406049299337,1.6973668668409425,1.660891606699431
1,31,47.86346328794025,1600,400,1600,9.881182753779686e-05,2.4702956884449215e-05,9.881182753779686e-05,102.52452294100021,130.9717330379999,0.8117220401763916,0.5495051741600037,0.28672319650650024,0.1605387032032013,0.12378168851137161,0.12070360034704208,0.9598767161369324,0.32153263688087463,0.9284668564796448,2.233381748199463,4.105000019073486,0.37348809838294983,0.4801720976829529,0.3862285912036896,1.0577733516693115,0.7122857570648193,0.7995718121528625,0.04750104248523712,0.8235226273536682,0.05435731261968613,0.1340819150209427,0.05408219248056412,1.8068182468414307,0.299969345331192,0.32090818881988525,0.03774891421198845,0.004941789899021387,0.01395320426672697,0.19864732027053833,0.4675213098526001,0.0025999140925705433,0.0032658912241458893,0.32153263688087463,0.2321167141199112,0.22333809733390808,7.974645996000618e-05,1.3652072084369138e-05,0.007469765841960907,0.02400859072804451,0.00772456917911768,0.05024275556206703,9.205400601786096e-06,0.09034086763858795,0.002999695483595133,1.0482210485464438,0.26977939798468065,3.747322905299194,1.057618707028552,1.176912041264137,2.0542696770487763,1.898169950281627,1.9006954515623145,0.523146967191659,1.464077043248841,2.518009351002076,3.9483653313896716,9.840768505839987,1.4916385352116064,1.8948487348284777,1.772539025636741,1.7247705471757295,1.6869253036633693,1.649716971059755
2,32,48.5071377416607,1600,400,2400,9.530097552630161e-05,2.3825243881575403e-05,9.530097552630161e-05,102.61812460800002,131.43747937100034,0.7924218773841858,0.5407875180244446,0.283661425113678,0.15868666768074036,0.12196078151464462,0.11890093237161636,0.9467340111732483,0.3168866038322449,0.9199625253677368,2.2101964950561523,4.105000019073486,0.37559938430786133,0.48203909397125244,0.38576242327690125,1.037125825881958,0.7122858166694641,0.7995675206184387,0.04583438113331795,0.8244177103042603,0.0541875958442688,0.14694839715957642,0.05727436766028404,1.7858474254608154,0.2574029862880707,0.3209080696105957,0.037842392921447754,0.008047692477703094,0.029842441901564598,0.18728666007518768,0.5850110650062561,0.0059036752209067345,0.0037648321595042944,0.3168866038322449,0.2299906313419342,0.22101958096027374,7.821715553291142e-05,1.3520785614673514e-05,0.007511993870139122,0.024101948365569115,0.007715253159403801,0.04754064604640007,9.019265235110652e-06,0.08929239958524704,0.002574030077084899,1.0641940475308165,0.2718831682869939,3.8644155517071224,1.074758972004083,1.1891280190936657,2.070667239581382,1.9003209642492587,1.90475955088108,0.5661205111010151,1.5015985247764816,2.4822063286472593,3.8286667372133345,9.809056977443513,1.5137875223903743,1.8882334204320177,1.7675726103970089,1.7218327437127077,1.688720921664794,1.6642343550448735
3,33,49.020882562268525,1600,400,3200,8.96435221858529e-05,2.2410880546463226e-05,8.96435221858529e-05,102.965003153,131.17020416100013,0.7779500484466553,0.5348389744758606,0.2801223397254944,0.1571904569864273,0.12133097648620605,0.11826563626527786,0.9365512728691101,0.3142973780632019,0.9132514595985413,2.184652090072632,4.088749885559082,0.3764757513999939,0.48131731152534485,0.38548392057418823,1.0252728462219238,0.7122847437858582,0.7995493412017822,0.044167712330818176,0.8246051073074341,0.05424767732620239,0.15325221419334412,0.0588250607252121,1.7669466733932495,0.2436288595199585,0.3209081292152405,0.0378350093960762,0.012137151323258877,0.04737093299627304,0.18869571387767792,0.6534160375595093,0.00992849562317133,0.004567229188978672,0.3142973780632019,0.22831286489963531,0.21846525371074677,7.75808803155087e-05,1.3621021025755908e-05,0.00752951530739665,0.02406587265431881,0.007709682919085026,0.04528599977493286,9.036021765496116e-06,0.08834731578826904,0.002436287235468626,1.039855149275559,0.2679163076580616,3.751357349609712,1.0497537729761652,1.1695576203004512,2.0743950027614395,1.8845333798972053,1.8909207750785495,0.5131519263403522,1.4647948640231856,2.5184323703499905,3.8795580858812375,9.452502117740787,1.4814023915625745,1.892248483612249,1.7692032270251006,1.721095110098361,1.6825347100833903,1.6440478333010153
4,34,49.44349811878055,1600,400,4000,8.21232063030033e-05,2.0530801575750825e-05,8.21232063030033e-05,104.00332195200008,132.2051125429998,0.7676587700843811,0.5299433469772339,0.2776925265789032,0.15565872192382812,0.12017053365707397,0.11713521927595139,0.9278947114944458,0.3112606406211853,0.9070838689804077,2.1675164699554443,4.098750114440918,0.3777647018432617,0.47783488035202026,0.385491281747818,1.0200194120407104,0.7122857570648193,0.7994571328163147,0.042501043528318405,0.8236268162727356,0.05445996671915054,0.16319991648197174,0.05935779958963394,1.7627707719802856,0.23740826547145844,0.3209078907966614,0.03776088356971741,0.017354154959321022,0.06523148715496063,0.19070328772068024,0.6918415427207947,0.014235598966479301,0.006558610592037439,0.3112606406211853,0.22677096724510193,0.21675178408622742,7.666648889426142e-05,1.3524849237001035e-05,0.007555284537374973,0.023891746997833252,0.007709829602390528,0.043342895805835724,8.87740679900162e-06,0.08813851326704025,0.002374084200710058,1.0338564543256414,0.26581563092309124,3.65964736475368,1.042945426048302,1.1646477407761024,2.0525017170824587,1.8694322953139506,1.8770978899480069,0.4734522509391274,1.455160155487747,2.5624250896030953,3.9689395721805427,9.931925724464755,1.465232955597475,1.9106167097821447,1.7867452279724718,1.7373196027687448,1.6943334007890805,1.6451843083368083
5,35,49.77976031694561,1600,400,4800,7.3117194983637e-05,1.827929874590925e-05,7.3117194983637e-05,103.1670377129999,131.38442544999998,0.7595611214637756,0.5258952379226685,0.274760901927948,0.15437519550323486,0.11927533149719238,0.1162695586681366,0.9214680194854736,0.3087175786495209,0.9010223746299744,2.1638195514678955,4.119999885559082,0.3782668113708496,0.4796289801597595,0.3849789798259735,1.003236174583435,0.7122860550880432,0.7995980381965637,0.04083436727523804,0.8235617876052856,0.05447881668806076,0.17668946087360382,0.061934493482112885,1.7690798044204712,0.23433975875377655,0.3209078907966614,0.037757400423288345,0.02155819535255432,0.08065074682235718,0.19107522070407867,0.7193188071250916,0.018178610131144524,0.0076759890653193,0.3087175786495209,0.2252555936574936,0.21638211607933044,7.583424303447828e-05,1.3419543392956257e-05,0.007565340027213097,0.023981451988220215,0.007699585985392332,0.04097060114145279,8.858466571837198e-06,0.08845394104719162,0.002343396656215191,1.035923570347191,0.26745117316990785,3.685958448041949,1.0457047064951137,1.1663876965101247,2.049548046716898,1.862333581618376,1.872112565994748,0.4908328481651775,1.4582831175112025,2.5620682420406076,3.900362969333311,9.50875167555987,1.4661119928366348,1.9018595045843465,1.779216256959265,1.7304013088441308,1.688932853325453,1.6447566349916518
6,36,50.06289995089173,1600,400,5600,6.307716755583008e-05,1.576929188895752e-05,6.307716755583008e-05,103.54743809699994,132.1722146259999,0.7525697350502014,0.5186235904693604,0.272407203912735,0.15348397195339203,0.11855567991733551,0.11557657271623611,0.9128996133804321,0.30650606751441956,0.8941705822944641,2.151155710220337,4.102499961853027,0.3795161247253418,0.4796287417411804,0.3843982219696045,0.9831365942955017,0.7122852206230164,0.7996371984481812,0.03916770592331886,0.8234899044036865,0.05447348579764366,0.186158686876297,0.06277569383382797,1.7508333921432495,0.23183266818523407,0.3209080100059509,0.037912506610155106,0.026073303073644638,0.09481118619441986,0.18878978490829468,0.7439411282539368,0.022124893963336945,0.00917564332485199,0.30650606751441956,0.22354264557361603,0.21511583030223846,7.531591109000146e-05,1.3385156307776924e-05,0.007590322755277157,0.02398143708705902,0.007687960285693407,0.038517266511917114,8.734323273529299e-06,0.08754164725542068,0.002318326849490404,1.0319339089063224,0.2658539013381755,3.666172448446259,1.041851106037849,1.1631621849834302,2.060040036257449,1.8540660761885224,1.864806736099615,0.5038930826629078,1.4492817165750955,2.515472326883702,3.862105721681778,9.618248575784161,1.4648042541545827,1.8888408327017816,1.7650722319109087,1.7159912577927068,1.6751075670477542,1.6352250899170544
7,37,50.28022867627442,1600,400,6400,5.2506662454261824e-05,1.3126665613565456e-05,5.2506662454261824e-05,103.30160196800034,131.81395514900032,0.7356026768684387,0.5113190412521362,0.27007079124450684,0.1531725823879242,0.11876072734594345,0.11578455567359924,0.9090323448181152,0.30558323860168457,0.892042875289917,2.142033576965332,4.114999771118164,0.38065028190612793,0.481180340051651,0.38344064354896545,0.9822033643722534,0.7122854590415955,0.7995349168777466,0.03750103712081909,0.8233296871185303,0.05451948568224907,0.19458110630512238,0.06169645115733147,1.753695011138916,0.229263573884964,0.32090824842453003,0.03787985071539879,0.030331363901495934,0.10667465627193451,0.18560726940631866,0.762638509273529,0.025681881234049797,0.010677308775484562,0.30558323860168457,0.22301071882247925,0.2142033725976944,7.494387682527304e-05,1.3503627997124568e-05,0.007613002322614193,0.024059036746621132,0.007668815553188324,0.03681943938136101,8.709877874935046e-06,0.08768472820520401,0.0022926346864551306,1.0309351007024548,0.26517105193917406,3.6864626005721473,1.0406460932621135,1.1621125026891859,2.0443695893912395,1.846512591060324,1.8583331336168785,0.47971332633902897,1.4364951051695882,2.567061523335764,3.948575048148862,9.865607677105892,1.4642611029202663,1.8997633115592045,1.7759586989518226,1.727306982020721,1.6846622559287798,1.639627937013641
8,38,50.445621233433485,1600,400,7200,4.19358232100018e-05,1.048395580250045e-05,4.19358232100018e-05,103.4748153999999,131.77395790800028,0.7343279719352722,0.5073168277740479,0.2683561146259308,0.15167948603630066,0.11755599826574326,0.11457925289869308,0.8975176811218262,0.3028382360935211,0.8836435675621033,2.1100316047668457,4.096250057220459,0.3824044466018677,0.48108240962028503,0.38373732566833496,0.9606384634971619,0.7122855186462402,0.7996301651000977,0.03583437204360962,0.8236289024353027,0.05456705763936043,0.20497018098831177,0.06453955918550491,1.731359839439392,0.2290700078010559,0.32090815901756287,0.03789207339286804,0.03464502841234207,0.11701410263776779,0.18218189477920532,0.7767336964607239,0.028708452358841896,0.013033075258135796,0.3028382360935211,0.22091089189052582,0.21100305020809174,7.432093843817711e-05,1.3386947102844715e-05,0.007648085243999958,0.024054106324911118,0.007674741093069315,0.03443276509642601,8.624242582300212e-06,0.08656805008649826,0.0022907000966370106,1.032748949017341,0.2643886823535323,3.6787777584275916,1.042687658672734,1.163866674623215,2.041893185476838,1.8433834863515703,1.8565114702293943,0.4905214058144922,1.4629020546240479,2.546285080450905,3.8367439326217374,9.81484621079821,1.4668719767694316,1.8899408210466757,1.7677623434651948,1.719970582163726,1.6795426297884466,1.6386739601805358
9,39,50.56922067888081,1600,400,8000,3.189481011240928e-05,7.97370252810232e-06,3.189481011240928e-05,104.12296196500029,133.36905799700025,0.7257859110832214,0.5008876323699951,0.26587581634521484,0.15061935782432556,0.11660663038492203,0.11364661157131195,0.8924373984336853,0.3002058267593384,0.8821539878845215,2.1058621406555176,4.09499979019165,0.3827766478061676,0.4812878370285034,0.3832453787326813,0.9538755416870117,0.712285041809082,0.7995274066925049,0.034167706966400146,0.8232541680335999,0.05435945838689804,0.21241313219070435,0.06479290872812271,1.7352246046066284,0.22793973982334137,0.3209081292152405,0.03790298104286194,0.037440937012434006,0.1251157522201538,0.17916850745677948,0.7857982516288757,0.031041301786899567,0.014112546108663082,0.3002058267593384,0.22053849697113037,0.21058636903762817,7.35622234060429e-05,1.3309854693943635e-05,0.007655529771000147,0.024064375087618828,0.007664910517632961,0.03258490562438965,8.58379735291237e-06,0.08676119893789291,0.002279397565871477,1.0363141852178768,0.2651700223224961,3.6746747749513786,1.0469887561596618,1.1666726935185907,2.0494888717549977,1.8405820224903604,1.8540563400358698,0.5033618211590462,1.449772689948122,2.5165055220062507,3.9287563110796913,9.9013681303955,1.4678135826564194,1.8942047738310193,1.7714874942609815,1.7234541054860644,1.6838507730047974,1.6447340110779702
10,40,50.664008708670735,1600,400,8800,2.2887211030552418e-05,5.721802757638104e-06,2.2887211030552418e-05,102.70928175100016,131.06675569299978,0.716002345085144,0.49974921345710754,0.26422232389450073,0.14970043301582336,0.11600806564092636,0.11305707693099976,0.8885777592658997,0.2984919548034668,0.8780354857444763,2.108707904815674,4.103749752044678,0.38271430134773254,0.48330309987068176,0.3823336064815521,0.9401472806930542,0.7122853398323059,0.799445390701294,0.032501041889190674,0.8225023746490479,0.05429847911000252,0.2189929187297821,0.06612162292003632,1.7463622093200684,0.22658675909042358,0.32090792059898376,0.03782428056001663,0.04051708057522774,0.13135752081871033,0.17638571560382843,0.7924732565879822,0.033016305416822433,0.01600821688771248,0.2984919548034668,0.21950887143611908,0.21087110042572021,7.3072369559668e-05,1.3255777048470918e-05,0.007654285989701748,0.02416515350341797,0.007646664977073669,0.030561227351427078,8.525586054020096e-06,0.08731825649738312,0.002265868242830038,1.0300475883342237,0.26452495683039584,3.685440920587924,1.0400900657530867,1.1614262194275642,2.0254358875177947,1.8342687814439045,1.8484382184982695,0.49709642010028215,1.4587017689667328,2.529177538639391,3.8191514579569126,9.344001669647819,1.4635042004611378,1.8872971418100457,1.7635605088143924,1.7153087418438275,1.6758906932901954,1.6355873165030514
11,41,50.72329260036349,1600,400,9600,1.536478492370811e-05,3.841196230927027e-06,1.536478492370811e-05,102.66950398300014,130.74871888300004,0.7095105051994324,0.492184579372406,0.2624594271183014,0.14900538325309753,0.11554593592882156,0.11261157691478729,0.8805627822875977,0.2968021035194397,0.8732330203056335,2.0881097316741943,4.089999675750732,0.3834537863731384,0.48128607869148254,0.3824477195739746,0.921735942363739,0.7122855186462402,0.7995170950889587,0.030834373086690903,0.8225359320640564,0.05430636927485466,0.22341756522655487,0.06544683873653412,1.7294065952301025,0.22733347117900848,0.3209080100059509,0.037726420909166336,0.0422157384455204,0.13563500344753265,0.17579685151576996,0.7956769466400146,0.03428367152810097,0.016687320545315742,0.2968021035194397,0.2183082550764084,0.20881123840808868,7.278656994458288e-05,1.3230507647676859e-05,0.007669072598218918,0.024064302444458008,0.007648960687220097,0.028420384973287582,8.492503184243105e-06,0.0864703357219696,0.0022733360528945923,1.028174336017142,0.2638583646996634,3.6552220121935557,1.0383373213363352,1.1601358211293875,2.030602211221477,1.8292093264397262,1.8444920242150262,0.4986159023457893,1.4621821292769073,2.519641520660009,3.7777638066446126,9.309306977498373,1.4604993120695755,1.8837079626785034,1.7593508730333567,1.7100498814374876,1.6693296935899993,1.6292393125495475
12,42,50.76524260081351,1600,400,10400,9.704804732021848e-06,2.426201183005462e-06,9.704804732021848e-06,102.53301680799996,131.16188104200046,0.707121729850769,0.4914815425872803,0.26229724287986755,0.14923104643821716,0.11599501967430115,0.11306794732809067,0.8803945183753967,0.2974315285682678,0.8741834163665771,2.0915353298187256,4.102499961853027,0.3836863934993744,0.48557567596435547,0.382380872964859,0.9175522923469543,0.7122853398323059,0.7995604276657104,0.02916770428419113,0.8223500847816467,0.054351091384887695,0.22774259746074677,0.06644001603126526,1.730924129486084,0.22643613815307617,0.3209080696105957,0.03770054504275322,0.0435415655374527,0.1388038843870163,0.17378807067871094,0.7993831634521484,0.03517569229006767,0.017430247738957405,0.2974315285682678,0.2185458540916443,0.2091536521911621,7.333584653679281e-05,1.3278959158924408e-05,0.007673732005059719,0.024278772994875908,0.007647612597793341,0.026757940649986267,8.472321496810764e-06,0.08654613047838211,0.0022643643897026777,1.029951133722361,0.2647415883548433,3.663785812791517,1.0407656184743335,1.1618445331513296,2.0516476560944548,1.8342634237006723,1.8493147013684708,0.5055957632884014,1.448601738569693,2.516868514360845,3.8249295261623217,9.384064647526229,1.4614553716226941,1.8824876000656963,1.7588616586501002,1.7097586606222626,1.669311957757907,1.62928372787102
13,43,50.78890232741833,1600,400,11200,6.191135971452714e-06,1.5477839928631784e-06,6.191135971452714e-06,102.25345311299952,130.5763595819999,0.7043160796165466,0.48871198296546936,0.26161715388298035,0.14842888712882996,0.11536238342523575,0.11245926469564438,0.8736920952796936,0.29595524072647095,0.8698964715003967,2.069734811782837,4.114999771118164,0.3836916387081146,0.4840242564678192,0.38211706280708313,0.9118872880935669,0.7122854590415955,0.7995015382766724,0.02750103920698166,0.823103666305542,0.05431310832500458,0.22986699640750885,0.06602908670902252,1.7266430854797363,0.22608226537704468,0.32090818881988525,0.03783967345952988,0.044501423835754395,0.1406731754541397,0.1732599288225174,0.8008200526237488,0.0357833169400692,0.01808929815888405,0.29595524072647095,0.21747411787509918,0.20697364211082458,7.272521179402247e-05,1.333029013039777e-05,0.0076738204807043076,0.024201231077313423,0.007642350159585476,0.025084545835852623,8.452134352410212e-06,0.08633212000131607,0.002260822569951415,1.0307529838488994,0.26410126696391095,3.6586748429735483,1.041408043760652,1.1623404378041242,2.03221307801905,1.8320524296119074,1.847452957178925,0.5052736336226171,1.4555763154925088,2.519778940435462,3.8085650579462267,9.319060152901802,1.4624741156706536,1.8850383566720366,1.7614519332632048,1.712447135137752,1.6717951861220326,1.6323194213325332
14,44,50.805479161441326,1600,400,12000,5e-06,1.25e-06,5e-06,101.95153861600011,129.94597382900065,0.7028225064277649,0.48911693692207336,0.26144900918006897,0.1481853872537613,0.11500474065542221,0.11207720637321472,0.8731709718704224,0.29527902603149414,0.871364951133728,2.085787296295166,4.096250057220459,0.38403940200805664,0.48399999737739563,0.38256973028182983,0.9178382158279419,0.7122854590415955,0.7995470762252808,0.025834374129772186,0.8227638602256775,0.05455605685710907,0.23127605020999908,0.06589116156101227,1.7174947261810303,0.22571295499801636,0.3209081292152405,0.03796611353754997,0.045262660831213,0.14193932712078094,0.1727209836244583,0.8018057346343994,0.0361415334045887,0.01870211586356163,0.29527902603149414,0.217841237783432,0.20857864618301392,7.246742461575195e-05,1.3318707715370692e-05,0.007680786773562431,0.02419998124241829,0.007651396095752716,0.023713814094662666,8.419457117270213e-06,0.08587465435266495,0.002257128246128559,1.02340515639136,0.2636893211837916,3.6439583755851435,1.0338310904956427,1.1561668602763882,2.0299374149599028,1.8242977536020568,1.8396939266730115,0.4814564381825558,1.4340081257162194,2.5478146209018186,3.8706433254177646,9.419891048279531,1.4521109628466549,1.8887414698575609,1.7647678920776377,1.7150949988390332,1.6724495448811614,1.6272642482651247
