epoch,cumulative_epoch_index,surface_parameter_norm,new_parameter_norm,train_samples,val_samples,global_step,lr_decoder,lr_encoder,lr_new_heads,train_seconds,epoch_seconds,loss_gt_D16,loss_gt_D8,loss_gt_D4,loss_gt_D2,loss_gt_D1,loss_gt_D_full,loss_total,loss_metric,loss_rmse,loss_range,loss_range_active_bins,loss_sparse,loss_holdout,loss_trust,loss_metric_kd,loss_kd_coverage,loss_kd_mean_confidence,loss_lambda_kd,loss_sensor_gate_mean,loss_sensor_gt_conflict_fraction,loss_abs_delta4_mean,loss_abs_delta1_mean,loss_boundary_rmse,loss_barrier,loss_barrier_support,loss_barrier_positive_fraction,loss_robust_mse,loss_connection_abs_delta_mean,loss_connection_tangent_mean,loss_connection_normal_mean,loss_connection_neighbour_mass,loss_phase2_abs_delta_mean,loss_surface_abs_delta_mean,loss_surface_amplitude,loss_surface_barrier_mean,loss_surface_transport_weight_mean,loss_surface_transport_abs_delta_mean,loss_surface_reaction_abs_delta_mean,loss_weighted_metric,loss_weighted_rmse,loss_weighted_range,loss_weighted_log,loss_weighted_edge,loss_weighted_sparse,loss_weighted_holdout,loss_weighted_trust,loss_weighted_metric_kd,loss_weighted_teacher_edge,loss_weighted_boundary,loss_weighted_barrier,loss_weighted_robust_mse,val_rmse_m,val_mae_m,val_irmse_km_inv,val_pre_anchor_rmse_m,val_legacy_hard_rmse_m,val_native_D0_rmse_m,val_native_D4_rmse_m,val_native_D4_base_rmse_m,val_native_D4_surface_rmse_m,val_native_D2_base_rmse_m,val_native_D2_rmse_m,val_tail_1m_sse_fraction,val_tail_2m_sse_fraction,val_tail_5m_sse_fraction,val_tail_10m_sse_fraction,val_tail_20m_sse_fraction,val_rmse_0-20_m,val_rmse_20-40_m,val_rmse_40-60_m,val_rmse_60-80_m,val_rmse_80-120_m,val_rmse_edge_m,val_gt_boundary_1px_rmse_m,val_gt_boundary_2px_rmse_m,val_gt_boundary_3px_rmse_m,val_gt_boundary_5px_rmse_m,val_gt_boundary_10px_rmse_m
0,45,50.90271576680243,108.62167258933187,1600,400,400,0.0001,1e-05,0.0002,96.73797009999998,127.61337801700006,0.6505987644195557,0.46482616662979126,0.25801217555999756,0.14440394937992096,0.11259222775697708,0.10974103957414627,0.9808282256126404,0.2875664532184601,0.8815691471099854,2.2054431438446045,4.375,0.38475409150123596,0.48301824927330017,0.3832956552505493,0.9131833910942078,0.7122857570648193,0.7999255061149597,0.04916875436902046,0.8220258951187134,0.053912729024887085,0.2311881184577942,0.06680784374475479,1.742419958114624,0.21807387471199036,0.3209080100059509,0.0376790389418602,0.7852901220321655,0.004969627130776644,0.00582602946087718,0.015223158523440361,0.6875971555709839,0.016935372725129128,0.04666828364133835,0.1445322334766388,0.1700369268655777,0.8063042759895325,0.03680414706468582,0.019927291199564934,0.2875664532184601,0.22039228677749634,0.2205442637205124,7.020399061730132e-05,1.295100537390681e-05,0.007695080246776342,0.024150917306542397,0.007665914949029684,0.044891685247421265,8.430830348515883e-06,0.08712102472782135,0.002180739538744092,0.07852901518344879,1.0232822376642448,0.2624271808237312,3.6581539793712237,1.0336220470533304,1.1561409345509541,2.009295585246685,1.8163613915118022,1.8333348355364243,1.8163450073765945,1.2892509187136898,1.279192829262565,0.9569894756039897,0.9110626084309378,0.7842017601559313,0.5956119348161194,0.3230358913930745,0.481482602173973,1.438176046104553,2.558442315305311,3.8357939957621663,9.265525333337067,1.4498935947895353,1.8904455850543624,1.765103220679019,1.7157277725255846,1.6725395467514095,1.6252506766677002
1,46,51.07646908424795,108.69267424196005,1600,400,800,9.881457659516263e-05,9.881457659516264e-06,0.00019762915319032525,59.77378058599993,90.47313429500002,0.6608644127845764,0.47653403878211975,0.2581929862499237,0.14273053407669067,0.11370791494846344,0.11078688502311707,0.9854955673217773,0.28953731060028076,0.8883135914802551,2.198190927505493,4.372499942779541,0.3857077360153198,0.48189184069633484,0.3831213414669037,0.9453641176223755,0.7122853398323059,0.7998786568641663,0.047502078115940094,0.8215897679328918,0.05410122871398926,0.23087620735168457,0.06855806708335876,1.7516695261001587,0.21901854872703552,0.3209081292152405,0.037714142352342606,0.798117458820343,0.012684930115938187,0.014397439546883106,0.03814351558685303,0.6957306265830994,0.04820271208882332,0.05101310461759567,0.15410251915454865,0.16427838802337646,0.8156258463859558,0.03980520740151405,0.02253679744899273,0.28953731060028076,0.22207839787006378,0.21981899440288544,7.066183752613142e-05,1.2986085494048893e-05,0.0077141569927334785,0.024094605818390846,0.007662424352020025,0.04491141065955162,8.797172085905913e-06,0.08758354187011719,0.002190185245126486,0.07981174439191818,1.0275540524574995,0.264058667896932,3.6257637317937212,1.0382055757468407,1.159646816674351,2.0352055919369763,1.822978509140957,1.8404469814296487,1.8230205780750373,1.2929182362036764,1.2754401318907882,0.9570846845363319,0.91084241640833,0.7831250032931002,0.5950277258210336,0.321801264891743,0.5070168065859972,1.432392045854415,2.504743832099964,3.8520755278874397,9.640764114006611,1.4551642269259535,1.8776791292436634,1.7541179482553186,1.7056914953126092,1.6658050794357206,1.6270987671896702
2,47,51.21286917105317,108.78154860436916,1600,400,1200,9.530592823685081e-05,9.530592823685082e-06,0.00019061185647370162,60.00559988600003,90.86696797599996,0.6534769535064697,0.46916520595550537,0.25618624687194824,0.14042915403842926,0.11217150092124939,0.1093263030052185,0.9733543992042542,0.2857639491558075,0.8781760931015015,2.1885228157043457,4.375,0.3869553804397583,0.4818453788757324,0.3824666142463684,0.9281647801399231,0.712285041809082,0.7998483777046204,0.04583541303873062,0.8215652108192444,0.053862933069467545,0.2396518439054489,0.06769579648971558,1.737061858177185,0.21781431138515472,0.3209080398082733,0.03778137266635895,0.7804661393165588,0.017522867769002914,0.026840433478355408,0.04563875123858452,0.7032569050788879,0.06304541230201721,0.054671838879585266,0.16471929848194122,0.1592182070016861,0.823714554309845,0.04278886318206787,0.024000810459256172,0.2857639491558075,0.21954402327537537,0.21885232627391815,6.950127863092348e-05,1.2898657587356865e-05,0.007739110384136438,0.024092281237244606,0.007649335544556379,0.04254382103681564,8.980151505966205e-06,0.08685309439897537,0.0021781434770673513,0.07804662734270096,1.0169219888773993,0.2617653315183712,3.592967342603144,1.027448554123652,1.150600452966078,1.995668990868056,1.8134826337832328,1.8335549094111234,1.813668845983569,1.2833949554790771,1.2619313390899531,0.9564850221503864,0.9097394766640974,0.7803669600647198,0.5902909620905232,0.3168019822426476,0.47269167386009603,1.4428031414975209,2.570775948881358,3.755862754562964,8.734131996770946,1.4466195177384313,1.8768268688598517,1.7525967387242316,1.7035016655689594,1.6619490639797512,1.6172889604729508
3,48,51.34076569788158,108.87713772803545,1600,400,1600,8.965004831520698e-05,8.965004831520698e-06,0.00017930009663041395,60.32325812500005,91.970418763,0.6596815586090088,0.4728546142578125,0.2549181580543518,0.13947400450706482,0.11180616170167923,0.10897073149681091,0.9673288464546204,0.28508853912353516,0.8738732933998108,2.176879644393921,4.355000019073486,0.3863269090652466,0.48181334137916565,0.3819963335990906,0.9260622262954712,0.7122857570648193,0.7998930811882019,0.04416874423623085,0.8216796517372131,0.053878385573625565,0.24403487145900726,0.06715896725654602,1.7204357385635376,0.21833933889865875,0.3209080696105957,0.037690483033657074,0.7742902040481567,0.020431647077202797,0.03372356668114662,0.048013247549533844,0.708942174911499,0.0720834955573082,0.0588664710521698,0.17402894794940948,0.15481659770011902,0.8297122716903687,0.045585859566926956,0.02637268416583538,0.28508853912353516,0.2184683233499527,0.21768783032894135,6.944197230041027e-05,1.290587806579424e-05,0.007726539857685566,0.024090655148029327,0.007639924064278603,0.04090186581015587,9.02666124602547e-06,0.08602182567119598,0.0021833935752511024,0.07742898911237717,1.0191189777352827,0.26114095807127563,3.6057173039094934,1.0302242637203491,1.1529659851737801,2.020368796637676,1.8072443178110018,1.8266822005463537,1.8077283715046053,1.285470658604662,1.2621153326943606,0.9570103543150225,0.9108680266694846,0.7833001493235509,0.5945132557888231,0.3199979590592112,0.5007803421254393,1.4227458123104004,2.4927088300689175,3.8286164499297097,9.198870540886155,1.4450896092867613,1.8689552084217333,1.7451188984980255,1.69638344232893,1.6558520840900595,1.6143011018248654
4,49,51.453565906733274,108.99356765300035,1600,400,2000,8.213064715696373e-05,8.213064715696373e-06,0.00016426129431392747,60.35717600099997,91.83171309099998,0.6526821851730347,0.46893706917762756,0.2536120116710663,0.13867676258087158,0.11150375753641129,0.10863944888114929,0.9610366821289062,0.28380003571510315,0.8707948923110962,2.158057451248169,4.375,0.38707485795021057,0.48538798093795776,0.3821121156215668,0.9083840250968933,0.7122852206230164,0.7998549342155457,0.042502086609601974,0.8208930492401123,0.05403470993041992,0.25173649191856384,0.06617172062397003,1.7262998819351196,0.2175312638282776,0.32090815901756287,0.037740305066108704,0.7689650654792786,0.02194717340171337,0.037872955203056335,0.04651492089033127,0.7151930332183838,0.07603847980499268,0.06276941299438477,0.1830795556306839,0.1493813544511795,0.8364065885543823,0.04820556938648224,0.028594419360160828,0.28380003571510315,0.21769872307777405,0.2158057540655136,6.905294139869511e-05,1.2882075679954141e-05,0.0077414968982338905,0.024269405752420425,0.007642237935215235,0.038601353764534,8.784086276136804e-06,0.08631493151187897,0.002175312489271164,0.07689648866653442,1.0142230647379267,0.25982830294661696,3.5448087217016213,1.0242401335571656,1.148316151599525,2.021624185529588,1.8000017860461992,1.8184063285195675,1.8005250287594095,1.2923349503259103,1.266597284558412,0.9565640686293323,0.9100345379651831,0.7824775222266649,0.5934164061573272,0.3197854455080528,0.43812365083954397,1.4016005090917822,2.6198702827041918,3.9585468234964742,9.665072833665622,1.4371621251708597,1.8975724382431183,1.773396388763063,1.723370859380268,1.6779159170705382,1.623406468474162
5,50,51.5435993000865,109.08818063139915,1600,400,2400,7.312491306685769e-05,7.312491306685769e-06,0.00014624982613371538,59.478753175000065,90.46703412400007,0.6460770964622498,0.46921882033348083,0.2515351474285126,0.1378014087677002,0.11089783161878586,0.1080520823597908,0.9558117389678955,0.2821846008300781,0.867997407913208,2.1547863483428955,4.389999866485596,0.38816332817077637,0.48250648379325867,0.3819422125816345,0.9011858105659485,0.7122855186462402,0.7999549508094788,0.0408354178071022,0.8197270631790161,0.05395067110657692,0.2589986324310303,0.06551729887723923,1.7291393280029297,0.2173425853252411,0.3209080398082733,0.037718284875154495,0.7609713077545166,0.024963416159152985,0.04322553426027298,0.05009279027581215,0.7183136343955994,0.08621485531330109,0.0675247386097908,0.1907246857881546,0.14706790447235107,0.8396092653274536,0.050320375710725784,0.03333307430148125,0.2821846008300781,0.216999351978302,0.21547859907150269,6.850476347608492e-05,1.2866190445492975e-05,0.0077632698230445385,0.024125324562191963,0.007638836279511452,0.03680407255887985,8.808949132799171e-06,0.08645694702863693,0.002173426328226924,0.07609715312719345,1.0208736653548882,0.2610592148529761,3.576489028909349,1.032095597233169,1.154113222395283,1.995739248977469,1.805249531856427,1.8278029866891463,1.8056434490836333,1.2962197323876783,1.2704515916965053,0.9569421243173198,0.9109187016396108,0.7842629413496957,0.5973196829630257,0.32825711778792016,0.48075020218981995,1.403662908448599,2.5875563256492717,3.8995928654925915,9.007564115744444,1.4445114150580534,1.8894782213258021,1.7656961351799827,1.7156948733296968,1.6706373771744085,1.620071855263001
6,51,51.621956557035446,109.1670468300581,1600,400,2800,6.308459180267863e-05,6.308459180267863e-06,0.00012616918360535727,59.350728767999954,90.76075541099999,0.6496792435646057,0.4660235345363617,0.2502916753292084,0.13724616169929504,0.11025270819664001,0.10743042081594467,0.947169840335846,0.2808176279067993,0.8602464199066162,2.133871078491211,4.377500057220459,0.3881511986255646,0.4824565649032593,0.38135263323783875,0.8965604901313782,0.7122852802276611,0.7999335527420044,0.03916874900460243,0.8193680644035339,0.05403821915388107,0.26261717081069946,0.06495825946331024,1.7092260122299194,0.21717579662799835,0.3209080100059509,0.03790596127510071,0.7554114460945129,0.02878994308412075,0.049871113151311874,0.05480441078543663,0.7223056554794312,0.08923093229532242,0.0707051008939743,0.19766098260879517,0.1435454785823822,0.8437876105308533,0.05249937251210213,0.03489574044942856,0.2808176279067993,0.21506160497665405,0.21338707208633423,6.808611215092242e-05,1.2778424206771888e-05,0.007763022091239691,0.024122843518853188,0.007627055514603853,0.03512682020664215,8.683857231517322e-06,0.08546134829521179,0.0021717583294957876,0.07554112374782562,1.0211880310150787,0.2604557734935196,3.5820655358494697,1.0320103851396945,1.1544903005652405,2.0069662773046524,1.8011512320703706,1.8240740388055874,1.8014413135854357,1.292423734240367,1.2664651212305826,0.9572203537083511,0.9110585310559616,0.783962494728855,0.5977152415900128,0.3267873708875981,0.4922679256722401,1.4473619390162298,2.52723659085452,3.760765887013106,8.938099706734153,1.4491747985200853,1.8727609891454875,1.7496952004410284,1.700890730167688,1.6602377444854226,1.6189754573056505
7,52,51.68233600631356,109.22282937169075,1600,400,3200,5.251332609832899e-05,5.2513326098328985e-06,0.00010502665219665797,59.73664425100014,91.13672002800013,0.6385313272476196,0.46033167839050293,0.24896900355815887,0.1366773247718811,0.10993406176567078,0.10709869861602783,0.9433079361915588,0.2793940305709839,0.8583121299743652,2.1369504928588867,4.364999771118164,0.3879619836807251,0.48241689801216125,0.3802604675292969,0.8882521390914917,0.7122854590415955,0.7998729348182678,0.03750208392739296,0.8198282718658447,0.05386737734079361,0.26736176013946533,0.06484084576368332,1.714750051498413,0.21721871197223663,0.32090798020362854,0.0376720204949379,0.7485853433609009,0.031070875003933907,0.05656997859477997,0.05325116217136383,0.724237859249115,0.09643936902284622,0.07353776693344116,0.20368823409080505,0.14228110015392303,0.8456189036369324,0.054032523185014725,0.0368373803794384,0.2793940305709839,0.2145780324935913,0.21369501948356628,6.779609975637868e-05,1.2819999938074034e-05,0.0077592418529093266,0.024120835587382317,0.007605206687003374,0.03329768776893616,8.607489689893555e-06,0.08573746681213379,0.0021721883676946163,0.07485851645469666,1.0103781862788423,0.25835600803680575,3.569182944826585,1.020627899037034,1.1450422119678476,2.002297835657299,1.7873891121518388,1.808869273706557,1.7878983390740557,1.2879889605485457,1.2601915948015623,0.9565031814368362,0.9099496519873984,0.7820960760951359,0.5930977588264437,0.3186996842449177,0.45729176205186917,1.3943092341641203,2.567725922821906,3.9186127498100394,9.442843800618578,1.4314765664623872,1.8851633779846177,1.7603681495217,1.7099683673017698,1.6644271039064624,1.612843893314162
8,53,51.724699113518,109.2807995006442,1600,400,3600,4.194139193005095e-05,4.194139193005095e-06,8.38827838601019e-05,60.70333097599996,92.37875170999996,0.6422650814056396,0.46184873580932617,0.248597651720047,0.13607442378997803,0.10947266221046448,0.1066809594631195,0.9344196915626526,0.27867835760116577,0.8521462082862854,2.10198974609375,4.367499828338623,0.3893209397792816,0.48461928963661194,0.3815014958381653,0.8839117288589478,0.7122859954833984,0.7999439835548401,0.03583541512489319,0.8197060227394104,0.054228294640779495,0.27811217308044434,0.06385482102632523,1.6927380561828613,0.21614915132522583,0.3209081292152405,0.037874750792980194,0.7428683042526245,0.033103182911872864,0.061412062495946884,0.05446693301200867,0.7263255715370178,0.10210040211677551,0.07605563849210739,0.20850858092308044,0.14083194732666016,0.8477281928062439,0.05564679950475693,0.03810995817184448,0.27867835760116577,0.21303655207157135,0.2101990431547165,6.745962309651077e-05,1.2808721294277348e-05,0.007786419242620468,0.024230975657701492,0.0076300292275846004,0.0316845066845417,8.616857485321816e-06,0.08463689684867859,0.002161490498110652,0.07428686320781708,1.011785743797723,0.25807425464867867,3.547524287196572,1.0222050808464975,1.1462760416738,1.99799644711716,1.7886956254000705,1.8113301936287998,1.789291660105745,1.2894855720443243,1.2614585880978244,0.9567473971338754,0.9103082665226994,0.7826057576686155,0.5955051879909155,0.3241830134331474,0.4565305818594929,1.4092284503532273,2.570527901426704,3.8929849279805344,9.195953265122583,1.4346936195630502,1.8838692355953803,1.759342041797807,1.7099568908489307,1.666104529855363,1.6148941388276141
9,54,51.76414127647877,109.31612645089626,1600,400,4000,3.1899098805583494e-05,3.1899098805583493e-06,6.379819761116699e-05,60.19850704800001,91.37767233900013,0.6395715475082397,0.45806607604026794,0.24700890481472015,0.13488373160362244,0.10822408646345139,0.105439692735672,0.9312101006507874,0.275960773229599,0.8499119281768799,2.124037981033325,4.364999771118164,0.38941264152526855,0.4842168390750885,0.3804856538772583,0.8812280297279358,0.7122852206230164,0.7998368144035339,0.03416874632239342,0.8191913366317749,0.053893230855464935,0.2803531885147095,0.06322649866342545,1.7054014205932617,0.21631982922554016,0.3209080398082733,0.03763049468398094,0.7313168048858643,0.03567355498671532,0.06877035647630692,0.054310817271471024,0.7273619771003723,0.11014172434806824,0.0781673938035965,0.21218955516815186,0.1400851160287857,0.8487217426300049,0.05663637816905975,0.03992756828665733,0.275960773229599,0.21247798204421997,0.21240371465682983,6.666380068054423e-05,1.267482184630353e-05,0.007788253948092461,0.02421082742512226,0.007609712425619364,0.030105916783213615,8.58365365274949e-06,0.08527006208896637,0.0021631980780512094,0.07313168048858643,1.0138972787132121,0.25893406093028526,3.5614918826305684,1.024657199097694,1.148418753188722,2.0056126398825143,1.7898132222008114,1.8140711574194657,1.790365553721867,1.2894049966353454,1.2612531226899188,0.9566890930040207,0.9102804978317224,0.7827357967017186,0.5958687376786508,0.3250233730177915,0.4738086201904163,1.4026245587034072,2.5482873539175563,3.891938699546732,9.208215766168035,1.4351278194606003,1.8784377952233267,1.7543555748003696,1.7049546990531552,1.6612747591890822,1.6130671732427786
10,55,51.7898443415761,109.33886628597975,1600,400,4400,2.289018837131208e-05,2.2890188371312076e-06,4.578037674262416e-05,61.096688790999906,92.42951891199982,0.6368555426597595,0.4581077992916107,0.24626535177230835,0.13451406359672546,0.10818592458963394,0.10539481788873672,0.9248483777046204,0.27560850977897644,0.8456693291664124,2.0989699363708496,4.367499828338623,0.39067697525024414,0.4841781556606293,0.38042646646499634,0.8692253828048706,0.7122855186462402,0.7997831702232361,0.032502081245183945,0.81899094581604,0.05400189384818077,0.2834417521953583,0.06251193583011627,1.7012416124343872,0.21512320637702942,0.3209080696105957,0.03769785538315773,0.7273895144462585,0.03644999861717224,0.06831883639097214,0.05572335422039032,0.7297513484954834,0.11676836758852005,0.07992105185985565,0.21503198146820068,0.13759462535381317,0.851387083530426,0.05775038152933121,0.04101759195327759,0.27560850977897644,0.2114173322916031,0.20989684760570526,6.670202856184915e-05,1.2722583051072434e-05,0.007813544943928719,0.02420891262590885,0.007608529180288315,0.028254033997654915,8.538127985957544e-06,0.08506213873624802,0.002151232212781906,0.07273895293474197,1.0145288077973822,0.25914297744109016,3.578504135946674,1.0253730364778741,1.1488390706761225,2.0025344633934243,1.7881087477107753,1.8127362752200904,1.788554935209476,1.286452139455372,1.2591216648064043,0.9567476957325073,0.9103413029626177,0.7826956587772039,0.5956545028855398,0.3228830325574792,0.4814899066896371,1.4152328033374428,2.5274034925868603,3.8353196286215048,9.286224152158676,1.4379676520033464,1.8696399330564193,1.7455643725955976,1.6967364502245446,1.6556511081917362,1.612894140194513
11,56,51.809850826859474,109.35756658017635,1600,400,4800,1.5366565716846352e-05,1.536656571684635e-06,3.0733131433692704e-05,60.14070679099996,91.83418419999998,0.6339932680130005,0.4559918940067291,0.24630452692508698,0.13465090095996857,0.10829592496156693,0.10549554228782654,0.9239728450775146,0.275633841753006,0.8465494513511658,2.1062657833099365,4.380000114440918,0.39085501432418823,0.4823157787322998,0.3803984820842743,0.8653746843338013,0.7122857570648193,0.7998546361923218,0.030835416167974472,0.8193047642707825,0.05400677025318146,0.2867041230201721,0.06289199739694595,1.6947436332702637,0.2154112160205841,0.32090792059898376,0.03776843100786209,0.7287202477455139,0.036683790385723114,0.06886429339647293,0.056144602596759796,0.7300662994384766,0.12023906409740448,0.0812358632683754,0.21693679690361023,0.13749663531780243,0.8516404032707214,0.05830513685941696,0.042084526270627975,0.275633841753006,0.21163736283779144,0.21062646806240082,6.66649139020592e-05,1.2715588127321098e-05,0.007817099802196026,0.024115774780511856,0.007607969455420971,0.026682883501052856,8.58525436342461e-06,0.08473718166351318,0.002154111862182617,0.07287204265594482,1.0117398172417928,0.25856925269392184,3.5497208888925895,1.0224415236268967,1.1467321876213026,1.9937960079718071,1.7844537310220638,1.8101633766471723,1.7848784488807419,1.285972009040197,1.2578882258065471,0.956484996661592,0.9099622304696082,0.7820798610634099,0.5948908833029958,0.32550598756865823,0.4713063728168909,1.4187804223442182,2.559076411067577,3.7931027610394645,8.862881796039888,1.4352381779776489,1.8743508039058472,1.7504143732936888,1.7008487864790824,1.6574083349746176,1.6096342429733448
12,57,51.82255497947335,109.36786755174398,1600,400,5200,9.705630905674776e-06,9.705630905674776e-07,1.941126181134955e-05,60.07557535299998,91.529902752,0.6331939697265625,0.45359182357788086,0.24509291350841522,0.13391555845737457,0.10777995735406876,0.10500916093587875,0.91825932264328,0.2743472456932068,0.8433516621589661,2.092463731765747,4.364999771118164,0.3909067213535309,0.4849294126033783,0.38066020607948303,0.862416684627533,0.7122857570648193,0.799882709980011,0.0291687473654747,0.8188583850860596,0.054213233292102814,0.290310263633728,0.06284718960523605,1.6935397386550903,0.2153378129005432,0.32090818881988525,0.03773589804768562,0.7208343148231506,0.03719610348343849,0.06970853358507156,0.0570332333445549,0.7308290004730225,0.12313666939735413,0.08202913403511047,0.21838384866714478,0.13683582842350006,0.8524062037467957,0.05877280235290527,0.042431049048900604,0.2743472456932068,0.21083791553974152,0.209246426820755,6.624258094234392e-05,1.2693893040705007e-05,0.007818136364221573,0.024246467277407646,0.007613203953951597,0.02514854073524475,8.554573469155002e-06,0.08467692881822586,0.0021533770486712456,0.07208340615034103,1.0132859247663089,0.25877377063862705,3.5471304846677967,1.0242235473285966,1.1480281953108464,2.0017184825000203,1.786590077214918,1.8119794555209296,1.787019948423104,1.2854789122963883,1.257071410483358,0.9567240130451091,0.910298218912723,0.7822367215336063,0.59488739107181,0.32581518369343543,0.47733363749798063,1.427166507649803,2.538022580834807,3.783728154215339,8.94074511153596,1.4372384870907764,1.867034760369413,1.7438414057188898,1.6952745202587078,1.6541403358314508,1.6089649422220729
13,58,51.82943946123123,109.37490224838257,1600,400,5600,6.1913478279682115e-06,6.191347827968211e-07,1.2382695655936423e-05,60.44215082100004,92.10389935900002,0.630996584892273,0.4517524540424347,0.24435023963451385,0.13354943692684174,0.10730234533548355,0.10455888509750366,0.9140626788139343,0.27328985929489136,0.8393843770027161,2.0913846492767334,4.40749979019165,0.3905104100704193,0.4855593144893646,0.3798935115337372,0.8607683181762695,0.7122855186462402,0.7998342514038086,0.02750208228826523,0.8197643756866455,0.05386387184262276,0.29251569509506226,0.06254523992538452,1.6920301914215088,0.21568359434604645,0.3209080100059509,0.037645380944013596,0.7157588601112366,0.037292011082172394,0.06935155391693115,0.05782008543610573,0.7308522462844849,0.12565258145332336,0.08264191448688507,0.2192624807357788,0.13701839745044708,0.8523218631744385,0.058922264724969864,0.0430770106613636,0.27328985929489136,0.20984609425067902,0.20913836359977722,6.595659215236083e-05,1.2672640878008679e-05,0.00781021174043417,0.024277962744235992,0.0075978729873895645,0.02368071675300598,8.54911922942847e-06,0.0846014991402626,0.0021568359807133675,0.07157590240240097,1.0117502326325245,0.2582598221391177,3.5459149160977224,1.0225934130814327,1.1467191907652403,1.9940260728872623,1.7848194535226025,1.8097847936019542,1.7853228372790841,1.2857919987520032,1.257386536468743,0.9566768165837813,0.9102780133775135,0.7824616386310441,0.5954360685129825,0.32449891222585453,0.4734149055809776,1.4122460172694902,2.54266940156908,3.83122470367017,9.07484788074386,1.4341247072866876,1.8706250580598995,1.7466490600578688,1.6976248684068658,1.6553306715516107,1.608765595739478
14,59,51.83553447574377,109.37959020584822,1600,400,6000,5e-06,5.000000000000001e-07,1e-05,60.84888337000007,92.46188759400002,0.6321170926094055,0.4528791010379791,0.24451251327991486,0.13350625336170197,0.10741732269525528,0.10467662662267685,0.9124916791915894,0.273561030626297,0.8401482105255127,2.087851047515869,4.367499828338623,0.39057663083076477,0.4831885099411011,0.38028472661972046,0.8592522144317627,0.7122854590415955,0.7998908162117004,0.025835415348410606,0.8194828033447266,0.05397871881723404,0.29282933473587036,0.06255882978439331,1.6873350143432617,0.2152906209230423,0.32090815901756287,0.037772390991449356,0.7172568440437317,0.03737201914191246,0.06921147555112839,0.058256037533283234,0.7307970523834229,0.1271287202835083,0.08316901326179504,0.21986061334609985,0.13722777366638184,0.8521478176116943,0.05902474746108055,0.04367809742689133,0.273561030626297,0.21003705263137817,0.20878519117832184,6.602628127438948e-05,1.2730447451758664e-05,0.007811528164893389,0.024159422144293785,0.007605689577758312,0.022199222818017006,8.557175533496775e-06,0.08436667174100876,0.002152906032279134,0.07172571122646332,1.0092904254240638,0.2580192322660386,3.5328989662860297,1.0202130486583567,1.1446268108864421,1.996376254526849,1.7816424234400146,1.8062719740061841,1.7822247872413635,1.2853783887264632,1.256359667524685,0.9564089569318984,0.9097691125633656,0.7817464876848826,0.5940389028885776,0.32319701047985255,0.46307283994603343,1.4015934814822062,2.562338045633435,3.8592577037534053,9.092099648827197,1.4304399864002288,1.874958052992145,1.7508267035497689,1.7011642566324978,1.6573384125015325,1.6076783930411034
