,weighted_value,fraction
loss_weighted_metric,0.2788981199264526,0.2660278466722853
loss_weighted_rmse,0.3339549303054809,0.31854395798074325
loss_weighted_range,0.207685962319374,0.19810190672656502
loss_weighted_log,6.893537647556514e-05,6.57542251205349e-05
loss_weighted_edge,1.2809924555767792e-05,1.2218786725790754e-05
loss_weighted_sparse,0.0081482995301485,0.007772281070298468
loss_weighted_holdout,0.0243825577199459,0.023257379175988833
loss_weighted_trust,0.0075662690214812,0.007217109443615693
loss_weighted_metric_kd,0.0134421633556485,0.012821849688564719
loss_weighted_teacher_edge,3.488965376163833e-06,3.3279605699019674e-06
loss_weighted_boundary,0.0838888138532638,0.08001760827631622
loss_weighted_barrier,0.0029159528203308,0.0027813907458219657
loss_weighted_robust_mse,0.0,0.0
loss_weighted_tail,0.0629080459475517,0.06000503698698858
loss_weighted_dynamics_aux,0.0232254136353731,0.022153633660638453
loss_weighted_inverse,0.0006850549252703,0.0006534417896755998
loss_weighted_relative,0.0005925605073571,0.0005652156989685565
