metric,V8,V9,V9.1,V9.1_vs_V9_percent,V9.1_vs_V8_percent
rmse_m,0.9975486313700125,1.0023523298799906,0.9961576598441639,-0.6180132325894094,-0.1394389688990083
mae_m,0.26022713731993413,0.2615114582179635,0.2630614858014721,0.5927188024842378,1.0891825159853763
irmse_km_inv,3.394592428864803,3.5029259924819858,3.494294003945637,-0.24642223543616115,2.937070566500255
imae_km_inv,1.0840097455740758,1.0983433566249388,1.1105338237888098,1.1098958345167054,2.4468486859116956
abs_rel,0.013660327231045108,0.013831447498101798,0.013951307037519662,0.8665726377106608,2.1301086097942123
delta1,0.9964361837360657,0.9963267638392964,0.9963815524504394,0.0054990604620330785,-0.005482667783252015
pixels,25424992.0,25424992.0,25424992.0,0.0,0.0
RMSE 0-20,0.45775477959889466,0.47609702236719714,0.4631220230066167,-2.725284711101028,1.1725149898871745
RMSE 20-40,1.3517558442640016,1.3827737845178014,1.3673339006928669,-1.1165878322113798,1.1524312245416723
RMSE 40-60,2.5648239633749728,2.503402334696417,2.529357009350143,1.036776002562667,-1.3828221558784826
RMSE 60-80,3.8957355143544303,3.84547877515903,3.844192019614505,-0.03346151727157132,-1.323074796787549
RMSE 80-120,8.8554064631145,9.089888203942893,8.830668029147663,-2.8517421664524867,-0.27935966654811795
RMSE edge,1.408754023178964,1.4172622732216846,1.4102123637924688,-0.4974315313699962,0.10351988988213101
RMSE non_edge,0.8789014400390426,0.8825113008516345,0.8764391575224878,-0.6880527561841987,-0.28015456618724066
boundary 1,1.8803395589607041,1.8673102603621052,1.868219620779162,0.04869894609160763,-0.6445611444903632
boundary 3,1.6977376905268775,1.6868049136442482,1.6874590503342648,0.03877962915126432,-0.6054315840406943
boundary 5,1.6481575395917478,1.6403111423860897,1.638816072586825,-0.09114550042559344,-0.5667824088731677
tail>2 sse_m2,22918991.547977924,23165644.13448143,22803937.553548336,-1.5613922877918296,-0.5020028660019271
tail>2 pixel_fraction,0.01944822637505648,0.019474657061838995,0.019443349284043038,-0.1607616385569388,-0.025077304836906844
tail>5 sse_m2,19516087.562948227,19762111.874629974,19398279.251605988,-1.84106144794709,-0.6036471755020312
tail>5 pixel_fraction,0.0057980352560189595,0.005849598694072352,0.005768772709938316,-1.381735540524176,-0.5046976223586519
tail>10 sse_m2,14590550.441825867,14794259.895729065,14478571.67451477,-2.133856126898448,-0.7674745908837877
tail>10 pixel_fraction,0.0018326062796794587,0.0018529799340743155,0.0018142385256207751,-2.090762438444549,-1.0022749710263068
tail>20 sse_m2,7605225.31829834,7737866.297637939,7576672.907714844,-2.0831762106344742,-0.3754314880691112
tail>20 pixel_fraction,0.00037498536872695965,0.0003850148704078255,0.00037518202562266295,-2.553887016038403,0.05244388504301867
total_parameters,578064.0,578568.0,581868.0,0.5703737503629736,0.6580586232666219
total_conv_linear_macs,3214694208.0,3227535168.0,3313997632.0,2.678900755513003,3.0890472802320046
median_ms,10.221216201782227,10.716495990753174,11.062160015106201,3.225532157631439,8.227433964045726
p95_ms,10.265329790115356,10.797472190856933,11.098248386383057,2.7856167648277363,8.113900023647869
peak_cuda_allocated_mib,98.33642578125,98.74951171875,98.86865234375,0.12064933074233952,0.5412303307463562
