stage,V8,V9,V9.1
D16,2.7997087106200738,2.831896861332764,2.8497008382198095
D8,2.2682185882114108,2.252936658793218,2.2545311199830076
D0,1.7727915324083772,1.7683234803768466,1.7678409629154053
D4_step1,1.6615388244905047,1.655094490740798,1.652824803596053
D4_step2,1.6387468424923153,1.6426934555522814,1.6383085099669839
D4_step3,1.641792081728743,1.6550766898950349,1.6492653663079966
D4,1.641792081728743,1.6550766898950349,1.6492653663079966
D2_base,1.2712874333602042,1.290483144744015,1.2822092654268775
D2_query,1.3495663343947466,1.2853884349474038,1.2769067527444289
D2,1.2217938972704971,1.227388602503141,1.2189406359100987
D1_base,1.035536842453154,1.0413134512562796,1.0335534454020128
D1,1.0101009849005553,1.0155708727504364,1.0090513482336532
D_full,0.9975486313700125,1.0023523298799906,0.9961576598441639
D_hard,1.1364532952715154,1.1402621112427105,1.1349970167072472
