epoch,cumulative_epoch_index,surface_parameter_norm,new_parameter_norm,train_samples,val_samples,global_step,lr_decoder,lr_encoder,lr_new_heads,train_seconds,epoch_seconds,loss_gt_D16,loss_gt_D8,loss_gt_D4,loss_gt_D2,loss_gt_D1,loss_gt_D_full,loss_total,loss_metric,loss_rmse,loss_range,loss_range_active_bins,loss_sparse,loss_holdout,loss_trust,loss_metric_kd,loss_kd_coverage,loss_kd_mean_confidence,loss_lambda_kd,loss_sensor_gate_mean,loss_sensor_gt_conflict_fraction,loss_abs_delta4_mean,loss_abs_delta1_mean,loss_boundary_rmse,loss_barrier,loss_barrier_support,loss_barrier_positive_fraction,loss_robust_mse,loss_tail,loss_tail_active_fraction,loss_jet_abs_delta4_mean,loss_jet_neighbour_mass,loss_jet_gradient_abs,loss_jet_hessian_abs,loss_jet_phase_abs_delta_mean,loss_connection_abs_delta_mean,loss_connection_tangent_mean,loss_connection_normal_mean,loss_connection_neighbour_mass,loss_phase2_abs_delta_mean,loss_surface_abs_delta_mean,loss_surface_amplitude,loss_surface_barrier_mean,loss_surface_transport_weight_mean,loss_surface_transport_abs_delta_mean,loss_surface_reaction_abs_delta_mean,loss_weighted_metric,loss_weighted_rmse,loss_weighted_range,loss_weighted_log,loss_weighted_edge,loss_weighted_sparse,loss_weighted_holdout,loss_weighted_trust,loss_weighted_metric_kd,loss_weighted_teacher_edge,loss_weighted_boundary,loss_weighted_barrier,loss_weighted_robust_mse,loss_weighted_tail,val_rmse_m,val_mae_m,val_irmse_km_inv,val_pre_anchor_rmse_m,val_legacy_hard_rmse_m,val_native_D0_rmse_m,val_native_D4_rmse_m,val_native_D4_base_rmse_m,val_native_D4_surface_rmse_m,val_native_D2_base_rmse_m,val_native_D2_jet_rmse_m,val_native_D2_rmse_m,val_tail_1m_sse_fraction,val_tail_2m_sse_fraction,val_tail_5m_sse_fraction,val_tail_10m_sse_fraction,val_tail_20m_sse_fraction,val_tail_1m_sse_m2,val_tail_2m_sse_m2,val_tail_5m_sse_m2,val_tail_10m_sse_m2,val_tail_20m_sse_m2,val_rmse_0-20_m,val_rmse_20-40_m,val_rmse_40-60_m,val_rmse_60-80_m,val_rmse_80-120_m,val_rmse_edge_m,val_gt_boundary_1px_rmse_m,val_gt_boundary_2px_rmse_m,val_gt_boundary_3px_rmse_m,val_gt_boundary_5px_rmse_m,val_gt_boundary_10px_rmse_m
0,60,51.892629344016314,0.1204855926334858,1600,400,400,0.0001,1e-05,0.0002,99.74285461499994,132.061159674,0.6333047151565552,0.458869606256485,0.24585942924022675,0.13445089757442474,0.108114093542099,0.10530877113342285,0.9077749252319336,0.2753560245037079,0.8431273698806763,2.1024341583251953,4.375,0.39016056060791016,0.4839010536670685,0.3802317976951599,0.8738844990730286,0.7122857570648193,0.7999255061149597,0.04916875436902046,0.819150984287262,0.053912729024887085,0.2939395010471344,0.062455881386995316,1.689387321472168,0.21660466492176056,0.3209080100059509,0.0376790389418602,0.7210870981216431,0.42108839750289917,0.015566902235150337,0.01441833097487688,0.3356732726097107,2.4296959963976406e-05,1.3170295460440684e-05,0.0016382905887439847,0.0,0.0,0.0,0.0,0.1292988806962967,0.0823696032166481,0.2218116968870163,0.13642151653766632,0.8531669974327087,0.05970417335629463,0.042341526597738266,0.2753560245037079,0.21078184247016907,0.210243359208107,6.689167639706284e-05,1.2715368029603269e-05,0.00780321704223752,0.024195069447159767,0.007604632992297411,0.04295842722058296,8.495361726090778e-06,0.08446939289569855,0.0021660453639924526,0.0,0.04210882633924484,1.016790768158763,0.2588013005035736,3.5675578769799507,1.027943651809795,1.1514202121717918,1.9719207692800795,1.7831690166512468,1.8098014618937752,1.7829429725917394,1.2899159332478272,1.289942066512523,1.2618802212736642,0.9570686485734137,0.9110585488999006,0.7844582271322058,0.5979721297570129,0.32893603459241494,25157478.126545906,23948058.01037979,20620245.705137253,15718277.677436829,8646402.85482788,0.4875154738565521,1.4283290340176091,2.5528477712933215,3.7467403830704433,8.855991603545057,1.4396259401072593,1.8721458031671354,1.747878998306167,1.6990338849830426,1.6560075446127795,1.6099613324028312
1,61,52.006442710757256,0.2672897204756737,1600,400,800,9.881457659516263e-05,9.881457659516264e-06,0.00019762915319032525,62.409493856000154,95.2936809580001,0.6414983868598938,0.4679519534111023,0.2460838109254837,0.1358100324869156,0.10942446440458298,0.10657693445682526,0.9139865040779114,0.27837979793548584,0.8502803444862366,2.1017568111419678,4.372499942779541,0.3897690176963806,0.48227229714393616,0.37985482811927795,0.9039702415466309,0.7122853398323059,0.7998786568641663,0.047502078115940094,0.819661557674408,0.05410122871398926,0.29610541462898254,0.06364957988262177,1.7004441022872925,0.21706408262252808,0.3209081292152405,0.037714142352342606,0.734772801399231,0.4313032031059265,0.01572544500231743,0.025979749858379364,0.3373490571975708,7.237591489683837e-05,4.325600093579851e-05,0.005620676092803478,0.0,0.0,0.0,0.0,0.1366245597600937,0.08512161672115326,0.22997181117534637,0.1332906037569046,0.8568387627601624,0.06246117502450943,0.04312438517808914,0.27837979793548584,0.21257008612155914,0.21017572283744812,6.744721031282097e-05,1.278182662645122e-05,0.007795387413352728,0.024113602936267853,0.007597099523991346,0.042942728847265244,8.482960765832104e-06,0.08502224087715149,0.002170640742406249,0.0,0.043130312114953995,1.0160650784981322,0.260661349001306,3.5170592607505533,1.0267809121577987,1.1503819504361026,2.020944323833535,1.7853064634767621,1.8090935559375898,1.7851644655262051,1.2916492194745663,1.2915886059858623,1.2611914153322579,0.9567054079040045,0.9101272167036207,0.7818064278783343,0.5934126883381671,0.31979600296549604,25112046.34634924,23889440.425561428,20521216.96872902,15576170.897483826,8394153.499603271,0.4715982821039292,1.384621807824879,2.5447312258392767,3.9863097584281917,10.004131828289658,1.4353370522701607,1.8844495395555945,1.760379928134425,1.7113806429554017,1.6677430433520735,1.618475064362109
2,62,52.095476895570755,0.36700014770030975,1600,400,1200,9.530592823685081e-05,9.530592823685082e-06,0.00019061185647370162,62.8481585630002,95.03384043899996,0.6373007297515869,0.463082492351532,0.24457675218582153,0.1347183883190155,0.10838808119297028,0.10559552162885666,0.9053757786750793,0.2759782671928406,0.8437129259109497,2.092456579208374,4.375,0.3902444839477539,0.48225560784339905,0.37933459877967834,0.8879343867301941,0.712285041809082,0.7998483777046204,0.04583541303873062,0.819709300994873,0.053862933069467545,0.30400484800338745,0.06307324022054672,1.6898030042648315,0.21602879464626312,0.3209080398082733,0.03778137266635895,0.7239726185798645,0.4228265583515167,0.015612536109983921,0.034331850707530975,0.3389386236667633,0.00010547038982622325,7.157980144256726e-05,0.00811429601162672,0.0,0.0,0.0,0.0,0.1498618721961975,0.08876586705446243,0.23907975852489471,0.1308060884475708,0.8596909642219543,0.06498949974775314,0.044812750071287155,0.2759782671928406,0.21092823147773743,0.20924578607082367,6.668220885330811e-05,1.2716370292764623e-05,0.007804888300597668,0.024112781509757042,0.007586688734591007,0.04069831594824791,8.422685823461507e-06,0.08449017256498337,0.0021602867636829615,0.0,0.04228266328573227,1.0112898507097081,0.2600357124806307,3.536631831252721,1.022348514284061,1.1460577219802668,1.963661120918986,1.7770402636017681,1.8094893283646871,1.778762274123156,1.2810280216884806,1.2810080885733086,1.253506721428193,0.9560023272358532,0.9089603647781224,0.779567845587948,0.5917609744247447,0.31994712071079645,24858279.787199497,23635079.55933571,20270573.686531067,15387159.058418274,8319367.868835449,0.46249261698277727,1.4277648824947784,2.5999482815429733,3.730150030827115,8.592815819868449,1.4369370571832152,1.8720162360690955,1.7488750616521225,1.699994551470619,1.6577023118674323,1.6097409656057964
3,63,52.17489667609334,0.4596775025129318,1600,400,1600,8.965004831520698e-05,8.965004831520698e-06,0.00017930009663041395,62.4327582560004,94.5049771390004,0.6422408819198608,0.4649767577648163,0.2439434826374054,0.13420183956623077,0.10807020217180252,0.1053038090467453,0.9002836346626282,0.27549585700035095,0.8395830988883972,2.085319995880127,4.355000019073486,0.38893771171569824,0.48226499557495117,0.37876471877098083,0.8862074017524719,0.7122857570648193,0.7998930811882019,0.04416874423623085,0.8204455375671387,0.053878385573625565,0.31017330288887024,0.06358706951141357,1.6751278638839722,0.21667687594890594,0.3209080696105957,0.037690483033657074,0.7180930376052856,0.4174171984195709,0.015597306191921234,0.0339917354285717,0.3397254943847656,0.00012867031909991056,9.214157762471586e-05,0.009007767774164677,0.0,0.0,0.0,0.0,0.1609327793121338,0.09285443276166916,0.24684451520442963,0.1307186633348465,0.8600439429283142,0.06686950474977493,0.04785164073109627,0.27549585700035095,0.2098957747220993,0.20853212475776672,6.665813998552039e-05,1.2731029528367799e-05,0.0077787465415894985,0.024113262072205544,0.007575291208922863,0.03914012014865875,8.428487490164116e-06,0.08375638723373413,0.00216676970012486,0.0,0.041741713881492615,1.0108699930445215,0.25926051138166784,3.534710072408799,1.0219087687952346,1.1461007380815595,2.0135799723715886,1.7741461090881059,1.8037685133621617,1.7759784996151873,1.282946815835124,1.2827770319144873,1.254439196120375,0.9563768414622749,0.9095721871644291,0.7811987165313914,0.5935324881118642,0.3195083956669728,24847373.380296707,23631354.05521965,20296116.919963837,15420410.350906372,8301062.992218018,0.4829077608600153,1.3898264127167277,2.507766220390615,3.9050911426106882,9.329382533069387,1.4288751283920271,1.866085665118882,1.742641005416527,1.6934647925187798,1.6520664460022283,1.6057094922035673
4,64,52.25811432674527,0.5375099778175354,1600,400,2000,8.213064715696373e-05,8.213064715696373e-06,0.00016426129431392747,62.643353773999934,95.465706469,0.6354578733444214,0.46185997128486633,0.24303819239139557,0.1338912397623062,0.10801398754119873,0.10522273182868958,0.8961243033409119,0.27483224868774414,0.8383585214614868,2.072004795074463,4.375,0.38915199041366577,0.48556217551231384,0.3787645399570465,0.8700942993164062,0.7122852206230164,0.7998549342155457,0.042502086609601974,0.8201566338539124,0.05403470993041992,0.31718137860298157,0.06293731182813644,1.6823867559432983,0.2159646898508072,0.32090815901756287,0.037740305066108704,0.7157362103462219,0.41525328159332275,0.015604282729327679,0.0443061999976635,0.34153324365615845,0.00014355240273289382,0.00011271591938566417,0.010234934277832508,0.0,0.0,0.0,0.0,0.17447982728481293,0.09727120399475098,0.25442540645599365,0.1270892322063446,0.8639298677444458,0.06939604878425598,0.05083940550684929,0.27483224868774414,0.2095896303653717,0.20720048248767853,6.649769784417003e-05,1.272801364393672e-05,0.007783038541674614,0.02427811175584793,0.007575287017971277,0.03697364404797554,8.330501259479206e-06,0.08411935716867447,0.00215964880771935,0.0,0.04152533784508705,1.0068250123613767,0.25765009708466585,3.490336152741531,1.016997353301161,1.1425702854584285,2.0035980488406193,1.7682986219624368,1.7974205013381273,1.7704055465087931,1.2858851336221744,1.2855538926518606,1.2555954807678198,0.956254842554351,0.9094470930923443,0.7808938581627244,0.5921819918531481,0.32075130838867427,24645774.16519296,23439387.36213112,20126155.517137527,15262441.544265747,8266796.6298828125,0.43677368426376845,1.3894670381603706,2.6167861706996245,3.8996404220055902,9.469163295021467,1.4262773530643436,1.8835770653179,1.760167857855494,1.7106332596936167,1.6659365099041705,1.610720438984704
5,65,52.31535693630576,0.5939887166023254,1600,400,2400,7.312491306685769e-05,7.312491306685769e-06,0.00014624982613371538,62.426676099999895,95.02474103000031,0.6311690211296082,0.46388620138168335,0.24143706262111664,0.133228600025177,0.10750201344490051,0.10473906248807907,0.8923855423927307,0.2736476957798004,0.8364877104759216,2.0720696449279785,4.389999866485596,0.389655739068985,0.4824732840061188,0.37847959995269775,0.8644643425941467,0.7122855186462402,0.7999549508094788,0.0408354178071022,0.8197305798530579,0.05395067110657692,0.32154497504234314,0.06355596333742142,1.6860411167144775,0.21564826369285583,0.3209080398082733,0.037718284875154495,0.7097318768501282,0.4107348918914795,0.015536731109023094,0.04546152055263519,0.3415633738040924,0.00015842610446270555,0.0001302649761782959,0.011162148788571358,0.0,0.0,0.0,0.0,0.18495778739452362,0.1005537286400795,0.2606658637523651,0.12817633152008057,0.8630320429801941,0.07080119103193283,0.05438210442662239,0.2736476957798004,0.2091219276189804,0.20720699429512024,6.600734195671976e-05,1.2720736776827835e-05,0.00779312290251255,0.0241236612200737,0.007569593843072653,0.03530295938253403,8.322677786054555e-06,0.08430197834968567,0.00215648184530437,0.0,0.041073497384786606,1.0169776548960396,0.2612856599016659,3.521760740343442,1.0284424259948588,1.1510119840451785,1.9806494127901648,1.7765542359326911,1.8126803214488538,1.7793589887512353,1.292378352173136,1.2920985224664343,1.265015596729688,0.956050570858239,0.9097017028508283,0.7830958564026917,0.5985897328644022,0.3309274313773376,25139955.895808816,23921183.026418686,20592002.026086807,15740296.530952454,8701946.615722656,0.4762764548534839,1.4081490567164596,2.590323916025576,3.841592842060087,8.814603179115753,1.4382812383127652,1.8783887950652398,1.756149617623268,1.707262017193689,1.6642143714693172,1.6128326980724546
6,66,52.36311674490571,0.6446352899074554,1600,400,2800,6.308459180267863e-05,6.308459180267863e-06,0.00012616918360535727,63.22741202599991,95.45309971899997,0.6334623098373413,0.45936816930770874,0.2406778633594513,0.1330588012933731,0.10710468888282776,0.10434658825397491,0.8849948048591614,0.27272310853004456,0.8299803733825684,2.052168130874634,4.377500057220459,0.389811247587204,0.4828956425189972,0.37811389565467834,0.8593201041221619,0.7122852802276611,0.7999335527420044,0.03916874900460243,0.81977778673172,0.05403821915388107,0.32799842953681946,0.06419074535369873,1.6686148643493652,0.21581999957561493,0.3209080100059509,0.03790596127510071,0.705949604511261,0.4071289598941803,0.015460764989256859,0.047489386051893234,0.34289461374282837,0.00017584708984941244,0.00014917166845407337,0.012323047034442425,0.0,0.0,0.0,0.0,0.19324098527431488,0.10376201570034027,0.26603764295578003,0.12525781989097595,0.8660167455673218,0.07278470695018768,0.05632912367582321,0.27272310853004456,0.2074950933456421,0.20521670579910278,6.57488708384335e-05,1.2652504665311426e-05,0.007796227931976318,0.024144798517227173,0.00756227457895875,0.03366799280047417,8.240260285674594e-06,0.08343076705932617,0.0021582008339464664,0.0,0.040712870657444,1.0195034906841693,0.25905964681391686,3.5349698560958007,1.0308661316580094,1.1534656213324639,1.9953552762249867,1.7763987098589666,1.812771362171068,1.7791900502314144,1.2917033601466326,1.2914949069008124,1.264195741598811,0.957180075884816,0.9113080119262539,0.7850870042270154,0.601020123245488,0.3311556213028855,25294838.39750731,24082604.17531109,20747035.380514145,15882807.503166199,8751256.045043945,0.49528167328170813,1.4417519976189426,2.520023673698393,3.75181615172476,8.851512402316374,1.445212994541551,1.865206256293072,1.7430249346247442,1.6947389450702073,1.6545773851872352,1.6116808879878286
7,67,52.407231975346804,0.6837313771247864,1600,400,3200,5.251332609832899e-05,5.2513326098328985e-06,0.00010502665219665797,62.3260538630002,94.3916111970002,0.6230228543281555,0.45306071639060974,0.23950769007205963,0.13253511488437653,0.10679695010185242,0.10404287278652191,0.8821371793746948,0.2713567018508911,0.8292260766029358,2.057577133178711,4.364999771118164,0.3894267976284027,0.48253387212753296,0.37697988748550415,0.8502998948097229,0.7122854590415955,0.7998729348182678,0.03750208392739296,0.8199850916862488,0.05386737734079361,0.33170393109321594,0.06427963823080063,1.6759564876556396,0.21587693691253662,0.32090798020362854,0.0376720204949379,0.7012492418289185,0.4034445881843567,0.015462830662727356,0.048999328166246414,0.3432617783546448,0.0001882907672552392,0.00016216615040320903,0.013141331262886524,0.0,0.0,0.0,0.0,0.1993839591741562,0.10546804964542389,0.27091509103775024,0.12525953352451324,0.8661051988601685,0.07392045110464096,0.057263512164354324,0.2713567018508911,0.20730651915073395,0.20575764775276184,6.548941746586934e-05,1.2692353266174905e-05,0.007788532413542271,0.024126699194312096,0.0075395917519927025,0.03187372535467148,8.153263479471207e-06,0.08379777520895004,0.0021587710361927748,0.0,0.04034443944692612,1.0060777177527704,0.2571847267831385,3.513848412835248,1.0165636635926982,1.1416047111502385,1.9835266689523465,1.7594209105877643,1.7941151524079795,1.7625177757298025,1.2821393716772622,1.281879641558644,1.25295509075121,0.9560989738371174,0.9094124679128811,0.7811859626546858,0.5940373819911449,0.32138605569426243,24605190.852781653,23403714.415771008,20103807.48082161,15287541.936080933,8270864.684692383,0.45302598085091234,1.3955636316264195,2.5685892997944193,3.871170968065209,9.22599557348694,1.4259980876367013,1.8771818580106676,1.7530367810461485,1.7029275047589325,1.6583810225259683,1.6056075281384763
8,68,52.43721970543265,0.7057110965251923,1600,400,3600,4.194139193005095e-05,4.194139193005095e-06,8.38827838601019e-05,63.157663099000274,95.77924106199998,0.6272044777870178,0.45567139983177185,0.2391994446516037,0.13203266263008118,0.10639186948537827,0.10366806387901306,0.8732990622520447,0.27081742882728577,0.8226833939552307,2.022618532180786,4.367499828338623,0.39076778292655945,0.48468515276908875,0.3782174587249756,0.8442589640617371,0.7122859954833984,0.7999439835548401,0.03583541512489319,0.8199161887168884,0.054228294640779495,0.34124091267585754,0.06363791972398758,1.6536145210266113,0.21504035592079163,0.3209081292152405,0.037874750792980194,0.6946292519569397,0.3975464105606079,0.015419689938426018,0.05394936352968216,0.3437717854976654,0.0002000221429625526,0.00017093587666749954,0.012913129292428493,0.0,0.0,0.0,0.0,0.20652800798416138,0.10774420201778412,0.2748698890209198,0.12454918771982193,0.8669674396514893,0.07533814013004303,0.058142904192209244,0.27081742882728577,0.20567084848880768,0.2022617906332016,6.51956579531543e-05,1.2687442904280033e-05,0.007815352641046047,0.024234261363744736,0.0075643472373485565,0.030263010412454605,8.172855814336799e-06,0.08268077671527863,0.0021504047326743603,0.0,0.039754610508680344,1.0081983892027968,0.25681487712173995,3.4853175745102956,1.0186348358731403,1.1433228002419333,1.9931954274029426,1.761436763185898,1.7959944809046111,1.7650365531043193,1.2878184149935743,1.2874668918291876,1.257823044817426,0.956506629981877,0.9101352331607938,0.7827412517174206,0.5974004917704028,0.32446278995449074,24719564.091575146,23521160.777050972,20228843.096796036,15438972.696861267,8385282.945465088,0.4428480489254907,1.3916876453066291,2.5859033862478245,3.9548553024138458,9.232070174147776,1.4283761967084627,1.8842511486212483,1.760608591916463,1.7113926696032116,1.6672152531661002,1.6120554470767599
9,69,52.46378281712532,0.7252860069274902,1600,400,4000,3.1899098805583494e-05,3.1899098805583493e-06,6.379819761116699e-05,63.146273071999985,95.36319322199961,0.6247903108596802,0.4518958330154419,0.23790498077869415,0.13092808425426483,0.1052040159702301,0.1025124117732048,0.8715645670890808,0.268293172121048,0.8212257027626038,2.0491597652435303,4.364999771118164,0.3905811309814453,0.4843268096446991,0.37723445892333984,0.8420655131340027,0.7122852206230164,0.7998368144035339,0.03416874632239342,0.819783627986908,0.053893230855464935,0.34214022755622864,0.06351917237043381,1.6668809652328491,0.2153889238834381,0.3209080398082733,0.03763049468398094,0.6849512457847595,0.3912618160247803,0.015263671986758709,0.0565020851790905,0.3438089191913605,0.00019949431589338928,0.00018028331396635622,0.013543965294957161,0.0,0.0,0.0,0.0,0.21150997281074524,0.10973659157752991,0.27783697843551636,0.12484490871429443,0.8667166233062744,0.07609362155199051,0.0602513886988163,0.268293172121048,0.20530642569065094,0.20491580665111542,6.446950283134356e-05,1.2553098713397048e-05,0.007811618968844414,0.02421632781624794,0.007544690743088722,0.028767179697752,8.135427378874738e-06,0.08334402740001678,0.002153888577595353,0.0,0.039126183837652206,1.0130324696836615,0.257973283899072,3.498256956229712,1.024155308139776,1.1476135432797845,1.9998257888564088,1.7637553020960004,1.801882372308571,1.767873277648035,1.2906568121833792,1.290216779260012,1.2615752593875238,0.9566026097118663,0.9105073363377717,0.7839587851470062,0.5995109905176761,0.3283405251887063,24959685.996435523,23756967.607779026,20455061.394104004,15642447.47277069,8567064.657165527,0.46099296051474276,1.3999256862345377,2.5749238349957295,3.921568842488442,9.126854158121244,1.433765028878704,1.8818387201457858,1.7584575987129554,1.7095462258430805,1.6663413658219315,1.613545818418715
10,70,52.48158384859562,0.7432233691215515,1600,400,4400,2.289018837131208e-05,2.2890188371312076e-06,4.578037674262416e-05,62.89082115500014,95.53088677499954,0.6224839687347412,0.45202624797821045,0.2373601645231247,0.13069380819797516,0.10527033358812332,0.10256596654653549,0.8662862181663513,0.2681766748428345,0.8180040717124939,2.026837110519409,4.367499828338623,0.39149588346481323,0.48398181796073914,0.37718409299850464,0.8329549431800842,0.7122855186462402,0.7997831702232361,0.032502081245183945,0.819268524646759,0.05400189384818077,0.3462132215499878,0.06274931877851486,1.6633796691894531,0.21414853632450104,0.3209080696105957,0.03769785538315773,0.6828662157058716,0.38880443572998047,0.01527460664510727,0.05708759278059006,0.3443621098995209,0.00020372800645418465,0.00018841207202058285,0.014134256169199944,0.0,0.0,0.0,0.0,0.21680320799350739,0.11136049777269363,0.280129075050354,0.12386580556631088,0.8677167892456055,0.0768534392118454,0.06156303733587265,0.2681766748428345,0.20450101792812347,0.2026837319135666,6.457776908064261e-05,1.260146382264793e-05,0.007829921320080757,0.024199098348617554,0.007543681189417839,0.02707582712173462,8.09138327895198e-06,0.08316896110773087,0.0021414849907159805,0.0,0.03888044133782387,1.009995670788981,0.25794308371610614,3.5170894095730456,1.0209038925758995,1.145185757230981,1.9967017904928797,1.7611925592100097,1.7996707304828121,1.7653765897065141,1.2836081786213644,1.283231076396988,1.2552651660002228,0.9563539399114914,0.9097787352983122,0.7820949358299281,0.5965119378058443,0.32376772731960424,24803815.989055037,23595850.23844099,20284267.220243454,15471021.473472595,8397178.906768799,0.46921559331128254,1.3991492504929997,2.541269687685373,3.875220018552495,9.290678655430069,1.4293678488338133,1.869644757498868,1.7461356895616158,1.6973903384199995,1.6560737566499482,1.6077979983689281
11,71,52.49575071409345,0.7556090950965881,1600,400,4800,1.5366565716846352e-05,1.536656571684635e-06,3.0733131433692704e-05,62.83214153299923,95.63606094199986,0.6200549006462097,0.45006152987480164,0.2374141812324524,0.130866140127182,0.10540585964918137,0.1026938334107399,0.8658952713012695,0.2682732045650482,0.8192246556282043,2.0350372791290283,4.380000114440918,0.3920252025127411,0.48243093490600586,0.3772343695163727,0.8277506232261658,0.7122857570648193,0.7998546361923218,0.030835416167974472,0.8195581436157227,0.05400677025318146,0.34905532002449036,0.06302543729543686,1.659955382347107,0.2142924964427948,0.32090792059898376,0.03776843100786209,0.684697687625885,0.3905635476112366,0.015299282036721706,0.05784653127193451,0.34425070881843567,0.00020383593800943345,0.00019339165010023862,0.014015368185937405,0.0,0.0,0.0,0.0,0.2179524302482605,0.11262808740139008,0.2816876173019409,0.12422774732112885,0.867400586605072,0.0772823914885521,0.06266175955533981,0.2682732045650482,0.2048061639070511,0.20350366830825806,6.455244147218764e-05,1.2594437976076733e-05,0.007840506732463837,0.024121547117829323,0.007544681895524263,0.02552328258752823,8.11148220236646e-06,0.08299778401851654,0.002142924815416336,0.0,0.03905634954571724,1.0093757001475852,0.2574899427590401,3.492180399029282,1.020306491145801,1.1448891620962394,1.9831259440039073,1.7581311752551747,1.7991192585194817,1.762649465089537,1.2833741154748026,1.2829855013533924,1.2555563072329423,0.9563468194923286,0.9099660085324592,0.7825630317852188,0.5972714618289494,0.3278532325311818,24773189.98950267,23571742.33645773,20271498.027742386,15471708.691467285,8492703.957000732,0.46385331875500946,1.4127260668067905,2.570284923455751,3.8074505315244327,8.759108177554406,1.4315644813820532,1.8743876954086767,1.7508138264707784,1.7015092187926486,1.6584656270282907,1.6066517747987463
12,72,52.50415390729904,0.7622554004192352,1600,400,5200,9.705630905674776e-06,9.705630905674776e-07,1.941126181134955e-05,62.768694839999625,95.02893698499975,0.6191225647926331,0.4479251801967621,0.2362481951713562,0.13012950122356415,0.104860320687294,0.10217858850955963,0.8603489995002747,0.26695916056632996,0.8161724805831909,2.021531343460083,4.364999771118164,0.39206305146217346,0.4850207269191742,0.37745943665504456,0.8239620923995972,0.7122857570648193,0.799882709980011,0.0291687473654747,0.8190512657165527,0.054213233292102814,0.3520415127277374,0.06270309537649155,1.6581145524978638,0.21432176232337952,0.32090818881988525,0.03773589804768562,0.677200436592102,0.38390615582466125,0.015232390724122524,0.055217668414115906,0.3445318639278412,0.00020426110131666064,0.0001979486842174083,0.013852882198989391,0.0,0.0,0.0,0.0,0.2199486941099167,0.11318818479776382,0.28285521268844604,0.1235070750117302,0.8681309223175049,0.07779578864574432,0.06259240210056305,0.26695916056632996,0.20404312014579773,0.2021530270576477,6.414608651539311e-05,1.2571421393658966e-05,0.007841256447136402,0.024251040071249008,0.00754918996244669,0.024027913808822632,8.083274224190973e-06,0.08290571719408035,0.0021432184148579836,0.0,0.0383906364440918,1.0116287934912276,0.25776443856620346,3.4858305420064535,1.0228596325880233,1.14667484217492,1.9920714199539287,1.7607096834677263,1.8013036182431414,1.7652892918209933,1.283768729386524,1.2833953745354463,1.2558541356139592,0.9566440480360352,0.910404658244412,0.782902396989271,0.5975215264525765,0.3284889864929893,24891642.943831682,23688505.389172077,20370927.897094727,15547363.220672607,8547202.671203613,0.46944127364432203,1.4278683707479007,2.5486056098599668,3.785477501057713,8.857815102100172,1.4352913392887654,1.8669853454763146,1.7445224306495863,1.696213735856446,1.6557674426429003,1.6072380094522436
13,73,52.50837691500783,0.7672530710697174,1600,400,5600,6.1913478279682115e-06,6.191347827968211e-07,1.2382695655936423e-05,63.290993484000865,95.52253334000034,0.6173654794692993,0.4460415244102478,0.235629603266716,0.1298283189535141,0.10446859151124954,0.10180705040693283,0.8565735220909119,0.2660706043243408,0.8125213384628296,2.0200462341308594,4.40749979019165,0.3918420672416687,0.4857673943042755,0.37663692235946655,0.8237414360046387,0.7122855186462402,0.7998342514038086,0.02750208228826523,0.8199331760406494,0.05386387184262276,0.35349342226982117,0.062748484313488,1.656024694442749,0.21459688246250153,0.3209080100059509,0.037645380944013596,0.672588586807251,0.38016632199287415,0.015207166783511639,0.05678553134202957,0.3444679081439972,0.0002060387487290427,0.00020067484001629055,0.013800124637782574,0.0,0.0,0.0,0.0,0.22074340283870697,0.11380819976329803,0.28355440497398376,0.12384940683841705,0.8678191900253296,0.07787901908159256,0.06323524564504623,0.2660706043243408,0.2031303346157074,0.2020045816898346,6.389699410647154e-05,1.2553827218653169e-05,0.0078368429094553,0.024288374930620193,0.007532740011811256,0.022661834955215454,8.07176638772944e-06,0.08280125260353088,0.0021459676790982485,0.0,0.038016609847545624,1.0087495922241667,0.25711608896029803,3.485617191658732,1.0196994646540634,1.1442699971611316,1.9895709252055358,1.7582449152214634,1.7977141590326018,1.762736374984696,1.2829156340363106,1.282508340357115,1.2544646137877928,0.9564886402116585,0.9101289017003158,0.7826228488824555,0.5967790834340674,0.3258618097743028,24746135.450908184,23546723.016259193,20247904.900506973,15439781.939971924,8430649.506896973,0.46389861103717506,1.4039623342151766,2.5515372316908866,3.8570050572176244,9.071420886834451,1.428771223909508,1.8704913745471283,1.7468758134568878,1.6978723199575654,1.6558923233214722,1.6052945828854508
14,74,52.51282337680459,0.7696921229362488,1600,400,6000,5e-06,5.000000000000001e-07,1e-05,63.223897029999534,95.55790951699964,0.6185277700424194,0.44716933369636536,0.23573796451091766,0.12970826029777527,0.10453841090202332,0.10188889503479004,0.8546764254570007,0.26625293493270874,0.8127567768096924,2.0155115127563477,4.367499828338623,0.39179205894470215,0.48335301876068115,0.377079576253891,0.8220841288566589,0.7122854590415955,0.7998908162117004,0.025835415348410606,0.8197571635246277,0.05397871881723404,0.3534703254699707,0.06303383409976959,1.6516655683517456,0.21422386169433594,0.32090815901756287,0.037772390991449356,0.6733245849609375,0.38089337944984436,0.015208837576210499,0.05814164876937866,0.3444500267505646,0.00020732352277264,0.00020250551460776478,0.013859154656529427,0.0,0.0,0.0,0.0,0.22095434367656708,0.11426663398742676,0.28401926159858704,0.12397511303424835,0.8677024841308594,0.07797330617904663,0.06371555477380753,0.26625293493270874,0.2031891942024231,0.20155109465122223,6.39262652839534e-05,1.2610648809641134e-05,0.007835839875042439,0.024167681112885475,0.007541595958173275,0.021239042282104492,8.092211828625295e-06,0.0825832337141037,0.002142237266525626,0.0,0.038089338690042496,1.0080059486599628,0.25699715323816713,3.4746003713217597,1.01913063743924,1.1435753549743077,1.987884385540233,1.7563366655428234,1.7960385894556474,1.7609713510909992,1.283423407693427,1.2830062135043387,1.2547506758153646,0.9563774023565533,0.9099549573620003,0.7825501592165223,0.5969647554493642,0.3261057251060763,24706789.83468604,23507525.20414734,20216184.814929962,15421822.71900177,8424525.29119873,0.4583634859518387,1.4021662224979543,2.567236489520254,3.8574489851802367,9.01964201692617,1.4280891131804012,1.87352626549559,1.7502130767056028,1.7008067534254174,1.6578358183745416,1.6055356907007428
