epoch,cumulative_epoch_index,capacity_projection_norm,train_samples,val_samples,global_step,lr_decoder,lr_encoder,lr_new_heads,train_seconds,epoch_seconds,loss_gt_D16,loss_gt_D8,loss_gt_D4,loss_gt_D2,loss_gt_D1,loss_gt_D_full,loss_total,loss_metric,loss_rmse,loss_range,loss_range_active_bins,loss_sparse,loss_holdout,loss_trust,loss_metric_kd,loss_kd_coverage,loss_kd_mean_confidence,loss_lambda_kd,loss_sensor_gate_mean,loss_sensor_gt_conflict_fraction,loss_abs_delta4_mean,loss_abs_delta1_mean,loss_weighted_metric,loss_weighted_rmse,loss_weighted_range,loss_weighted_log,loss_weighted_edge,loss_weighted_sparse,loss_weighted_holdout,loss_weighted_trust,loss_weighted_metric_kd,loss_weighted_teacher_edge,val_rmse_m,val_mae_m,val_irmse_km_inv,val_pre_anchor_rmse_m,val_legacy_hard_rmse_m,val_native_D0_rmse_m,val_native_D4_rmse_m,val_rmse_0-20_m,val_rmse_20-40_m,val_rmse_40-60_m,val_rmse_60-80_m,val_rmse_80-120_m,val_rmse_edge_m
0,30,0.2438654899597168,1600,400,800,0.0001,2.5e-05,0.0001,144.72753656799978,167.56366288899972,0.8042511343955994,0.5391196608543396,0.28582563996315,0.1587122082710266,0.12173254787921906,0.11879612505435944,0.8571140170097351,0.31721222400665283,0.9212145805358887,2.202227830886841,4.088749885559082,0.3743152916431427,0.48127201199531555,0.3873184621334076,1.0167092084884644,0.7122853398323059,0.7995820641517639,0.049167703837156296,0.8228065371513367,0.0543428510427475,0.13015244901180267,0.051493287086486816,0.31721222400665283,0.23030364513397217,0.22022271156311035,7.868364627938718e-05,1.3538369785237592e-05,0.007486307993531227,0.024063581600785255,0.007746367249637842,0.049977436661720276,9.123654308496043e-06,1.0516694595289033,0.26989154132479054,3.779527076661164,1.0610141229334562,1.1797686716253912,2.0834889740186373,1.903269042738227,0.5092800993026669,1.4657522901971598,2.5456362406037334,4.010521478843041,10.53025098140108,1.491499521120377
1,31,0.4258112274110317,1600,400,1600,9.881182753779686e-05,2.4702956884449215e-05,9.881182753779686e-05,106.084001446,128.6750651489997,0.8105025291442871,0.5538539290428162,0.28675955533981323,0.16001708805561066,0.12325546890497208,0.12026140838861465,0.8664938807487488,0.3208634853363037,0.9288679361343384,2.234261989593506,4.105000019073486,0.3738681972026825,0.48070070147514343,0.38664892315864563,1.066089153289795,0.7122857570648193,0.7995718121528625,0.04750104248523712,0.8234346508979797,0.05435731261968613,0.13510280847549438,0.05396156758069992,0.3208634853363037,0.2322169840335846,0.2234259992837906,7.940386421978474e-05,1.3639501958095934e-05,0.007477358914911747,0.02403504028916359,0.007732979953289032,0.05063975229859352,9.156688065559138e-06,1.04902261072329,0.26906721038744197,3.7404379648399027,1.0581490371855302,1.1774922988293215,2.0571383314103318,1.900961627988063,0.5208165051101616,1.469156679783334,2.5232941979292343,3.9418222319695926,9.940571105691559,1.4901821219891258
2,32,0.6254686117172241,1600,400,2400,9.530097552630161e-05,2.3825243881575403e-05,9.530097552630161e-05,107.12007746800009,130.3377949830001,0.7911534905433655,0.5450505614280701,0.28386422991752625,0.15789708495140076,0.12121068686246872,0.11824575811624527,0.8537895083427429,0.31583109498023987,0.9191645383834839,2.2109808921813965,4.105000019073486,0.37632033228874207,0.4823942482471466,0.38601401448249817,1.0384529829025269,0.7122858166694641,0.7995675206184387,0.04583438113331795,0.8239672183990479,0.0541875958442688,0.14804574847221375,0.05711778625845909,0.31583109498023987,0.22979113459587097,0.2210981696844101,7.76806627982296e-05,1.349661124550039e-05,0.00752640888094902,0.024119704961776733,0.007720285095274448,0.047601792961359024,8.956923011282925e-06,1.0596308989261753,0.27029500121707634,3.8313253343858915,1.0698410475330777,1.1855776812787673,2.0689915228620346,1.9021534797412984,0.5518414817652995,1.4985928844811913,2.5000199575344317,3.8274287503726634,9.87344039247688,1.5051054511072752
3,33,0.8596247434616089,1600,400,3200,8.96435221858529e-05,2.2410880546463226e-05,8.96435221858529e-05,107.7291572690001,130.95715072700023,0.7712061405181885,0.5348477959632874,0.2805134654045105,0.156017005443573,0.12024697661399841,0.11728829145431519,0.8418746590614319,0.31231626868247986,0.9094522595405579,2.174583673477173,4.088749885559082,0.3774952292442322,0.4820348620414734,0.3856413662433624,1.0249642133712769,0.7122847437858582,0.7995493412017822,0.044167712330818176,0.8243526816368103,0.05424767732620239,0.15600988268852234,0.05791012942790985,0.31231626868247986,0.22736306488513947,0.21745851635932922,7.677038229303434e-05,1.3585698070528451e-05,0.007549901958554983,0.02410171367228031,0.0077128238044679165,0.04527315869927406,9.012072951009031e-06,1.0371175926719791,0.26631674884008205,3.7279934959259706,1.0467268947836916,1.167160664018464,2.065214641646622,1.8882170478171372,0.5040103421063385,1.4693384980907036,2.5428354381829843,3.835527190813232,9.212841710979752,1.4767629798264092
4,34,1.0707935467362404,1600,400,4000,8.21232063030033e-05,2.0530801575750825e-05,8.21232063030033e-05,105.27624343000025,128.06232384600025,0.7610765099525452,0.52998948097229,0.2782662510871887,0.15398702025413513,0.1187308058142662,0.1158045157790184,0.8308311104774475,0.3086322844028473,0.8994386196136475,2.1475958824157715,4.098750114440918,0.3792082369327545,0.47920894622802734,0.38557830452919006,1.0172511339187622,0.7122857570648193,0.7994571328163147,0.042501043528318405,0.8238301873207092,0.05445996671915054,0.1673002541065216,0.05781605467200279,0.3086322844028473,0.22485965490341187,0.2147597074508667,7.562273094663396e-05,1.3476013009494636e-05,0.007584167178720236,0.02396043948829174,0.007711568847298622,0.0432257354259491,8.838023859425448e-06,1.033195187396042,0.26480194975213917,3.6423008735073146,1.0420690068441574,1.163966952234818,2.0461479593745358,1.8728909474501614,0.466365915214529,1.4486929957050723,2.585705068667429,3.9882679512406916,9.850732109083172,1.464141113002095
5,35,1.2546458095312119,1600,400,4800,7.3117194983637e-05,1.827929874590925e-05,7.3117194983637e-05,105.87239844899977,128.7543693550001,0.7497594356536865,0.5245596766471863,0.2751537561416626,0.152125284075737,0.11739496141672134,0.11449957638978958,0.8205406665802002,0.3050795793533325,0.8886690139770508,2.131671667098999,4.119999885559082,0.3804355561733246,0.48121386766433716,0.3849163353443146,0.9957005381584167,0.7122860550880432,0.7995980381965637,0.04083436727523804,0.8235817551612854,0.05447881668806076,0.1823447048664093,0.05977927893400192,0.3050795793533325,0.2221672534942627,0.2131672203540802,7.441924390150234e-05,1.3363831385504454e-05,0.007608712650835514,0.0240606851875782,0.007698329631239176,0.040662143379449844,8.851223356032278e-06,1.0327455053863983,0.26590349186976175,3.653502459736703,1.0425945158941412,1.1634958107421653,2.0389644109235445,1.8659240897654874,0.47844403133356445,1.4590853099523264,2.5901379491909235,3.867781790346112,9.424738927873411,1.462631955303859
6,36,1.4117316454648972,1600,400,5600,6.307716755583008e-05,1.576929188895752e-05,6.307716755583008e-05,106.1072960649999,128.60954679399993,0.7412609457969666,0.5164421796798706,0.2728569805622101,0.15077847242355347,0.11622175574302673,0.11335868388414383,0.8100705742835999,0.3019852042198181,0.8771864771842957,2.110607624053955,4.102499961853027,0.3821642994880676,0.4819985330104828,0.38434022665023804,0.9751042127609253,0.7122852206230164,0.7996371984481812,0.03916770592331886,0.8235163688659668,0.05447348579764366,0.19105182588100433,0.06028001010417938,0.3019852042198181,0.2192966192960739,0.21106094121932983,7.359527808148414e-05,1.3311007023730781e-05,0.0076432786881923676,0.0240999236702919,0.0076868063770234585,0.038202352821826935,8.750784218136687e-06,1.0305958236519128,0.2648846589721436,3.6365602808579474,1.0407212500850465,1.1620027082057534,2.037048055270359,1.8573534468464203,0.49641243844320165,1.4564747564256082,2.532255955901343,3.8274753288112167,9.540262302389346,1.462880530803949
7,37,1.5478282272815704,1600,400,6400,5.2506662454261824e-05,1.3126665613565456e-05,5.2506662454261824e-05,106.51101484299988,128.98089997499983,0.7234288454055786,0.5082018375396729,0.2703604996204376,0.1498165875673294,0.11592555046081543,0.11305364221334457,0.8016089200973511,0.30001121759414673,0.869292676448822,2.082289934158325,4.114999771118164,0.383625864982605,0.4838225841522217,0.3832341730594635,0.9716745018959045,0.7122854590415955,0.7995349168777466,0.03750103712081909,0.823494553565979,0.05451948568224907,0.20159177482128143,0.06006203591823578,0.30001121759414673,0.2173231691122055,0.20822900533676147,7.290857320185751e-05,1.3426389159576502e-05,0.0076725175604224205,0.024191124364733696,0.007664684671908617,0.036422740668058395,8.74877514434047e-06,1.0300682090199849,0.26409650838961957,3.6552831283931497,1.0399919232848795,1.1610478831987223,2.029364724550974,1.8519469193898845,0.4680954593671705,1.4317652539470693,2.6066633986237253,3.954419397360857,9.757030278368592,1.4591785765309035
8,38,1.6566022485494614,1600,400,7200,4.19358232100018e-05,1.048395580250045e-05,4.19358232100018e-05,105.73906424799998,128.5422207329998,0.7185792922973633,0.5018587112426758,0.26804932951927185,0.14758847653865814,0.11405622959136963,0.11118505150079727,0.7861013412475586,0.2957543134689331,0.8543818593025208,2.0297024250030518,4.096250057220459,0.3868533968925476,0.48429468274116516,0.38340336084365845,0.9504717588424683,0.7122855186462402,0.7996301651000977,0.03583437204360962,0.8234676122665405,0.05456705763936043,0.2123233675956726,0.06124782934784889,0.2957543134689331,0.2135954648256302,0.2029704451560974,7.187922165030614e-05,1.3282120562507771e-05,0.007737073581665754,0.024214746430516243,0.007668068166822195,0.03406806290149689,8.661028914502822e-06,1.0307676798184258,0.26318558146110743,3.6481654407944584,1.0411169872655064,1.1619477112473242,2.035715577438097,1.8474779697486812,0.4702345441049756,1.455106121421776,2.5888791231136103,3.8866802803099256,9.777022659071807,1.4626887579320704
9,39,1.7349258214235306,1600,400,8000,3.189481011240928e-05,7.97370252810232e-06,3.189481011240928e-05,105.74441346499952,128.82663108199995,0.7096354365348816,0.495522141456604,0.26503556966781616,0.14565640687942505,0.11249984800815582,0.10966160893440247,0.77681964635849,0.29188087582588196,0.8464999198913574,2.0144903659820557,4.09499979019165,0.38793647289276123,0.48473310470581055,0.38298240303993225,0.940121591091156,0.712285041809082,0.7995274066925049,0.034167706966400146,0.8236082196235657,0.05435945838689804,0.21983665227890015,0.06133332476019859,0.29188087582588196,0.21162497997283936,0.20144888758659363,7.07758663338609e-05,1.3188896446081344e-05,0.007758728694170713,0.02423666976392269,0.007659646682441235,0.03211690112948418,8.634336154500488e-06,1.0408883383990244,0.26462653644884465,3.646771008329828,1.052173135629351,1.1705353669052163,2.0290190838120754,1.8498988388422415,0.49720979848963187,1.4647116056349565,2.5612925546165943,3.9135395861964417,9.678300954329627,1.4723312214505575
10,40,1.8014301806688309,1600,400,8800,2.2887211030552418e-05,5.721802757638104e-06,2.2887211030552418e-05,105.77082070200049,129.0436170390003,0.6998593211174011,0.4925936460494995,0.2631163001060486,0.14406131207942963,0.11128255724906921,0.10846439749002457,0.7672989964485168,0.2889177203178406,0.8352697491645813,1.9958853721618652,4.103749752044678,0.38900652527809143,0.4873788058757782,0.38186195492744446,0.9258993268013,0.7122853398323059,0.799445390701294,0.032501041889190674,0.822453498840332,0.05429847911000252,0.2268747240304947,0.062427911907434464,0.2889177203178406,0.20881743729114532,0.19958873093128204,6.992680573603138e-05,1.3131674677424598e-05,0.0077801295556128025,0.024368928745388985,0.0076372381299734116,0.030097641050815582,8.602693014836404e-06,1.0361165453079428,0.2641091534093758,3.6496128903040232,1.0470157024951194,1.1664649310511825,2.0109839417151734,1.844275770608328,0.48433026258573403,1.4647443268105105,2.5868037486108384,3.8795486706461553,9.306129623079533,1.4700650549242995
11,41,1.845232143998146,1600,400,9600,1.536478492370811e-05,3.841196230927027e-06,1.536478492370811e-05,104.9760550989995,127.49697422599911,0.693293571472168,0.4841410219669342,0.2607885003089905,0.14248770475387573,0.1100609302520752,0.1072743684053421,0.7552658915519714,0.28570878505706787,0.8228243589401245,1.9599113464355469,4.089999675750732,0.3901280164718628,0.4859701097011566,0.38206079602241516,0.9089536070823669,0.7122855186462402,0.7995170950889587,0.030834373086690903,0.8225138187408447,0.05430636927485466,0.23246166110038757,0.06138329952955246,0.28570878505706787,0.20570608973503113,0.19599087536334991,6.915400444995612e-05,1.3076087270746939e-05,0.007802559062838554,0.02429850772023201,0.007641222327947617,0.028026429936289787,8.599611646786798e-06,1.0383746639896834,0.26365083991986277,3.633089074713756,1.0493480958255679,1.168416341590207,2.028022649919588,1.8393633799365599,0.48801024659062764,1.454936269394701,2.5902813368106887,3.922173514636162,9.518497566127134,1.470674510481476
12,42,1.8750871270895004,1600,400,10400,9.704804732021848e-06,2.426201183005462e-06,9.704804732021848e-06,105.59125122300065,128.3752815910002,0.6903772354125977,0.4828810691833496,0.26018407940864563,0.1422055959701538,0.11009834706783295,0.10731621831655502,0.7515594959259033,0.2854582667350769,0.8196607232093811,1.9466439485549927,4.102499961853027,0.3911431133747101,0.49097591638565063,0.3819328546524048,0.9059250354766846,0.7122853398323059,0.7995604276657104,0.02916770428419113,0.8221272826194763,0.054351091384887695,0.2366528958082199,0.061860617250204086,0.2854582667350769,0.20491518080234528,0.19466450810432434,6.947940710233524e-05,1.3109963219903875e-05,0.007822868414223194,0.024548806250095367,0.007638655137270689,0.026419857516884804,8.584293027524836e-06,1.0372525630920366,0.2646856385861152,3.6343605446495295,1.048941754102988,1.1677043932634619,2.03802390245377,1.8442889518710954,0.48758238415041943,1.4531642612826126,2.598086755898852,3.903773906445632,9.364631946377282,1.470168867221161
13,43,1.8943316787481308,1600,400,11200,6.191135971452714e-06,1.5477839928631784e-06,6.191135971452714e-06,105.36931503899996,127.93155151100018,0.6880486011505127,0.4802745282649994,0.2593623399734497,0.1411164402961731,0.10921592265367508,0.10645956546068192,0.7435818314552307,0.28352177143096924,0.8125994801521301,1.92139732837677,4.114999771118164,0.3912672996520996,0.48929229378700256,0.38168564438819885,0.8998867869377136,0.7122854590415955,0.7995015382766724,0.02750103920698166,0.8230032920837402,0.05431310832500458,0.23887448012828827,0.06142136827111244,0.28352177143096924,0.20314987003803253,0.1921396553516388,6.872702942928299e-05,1.3159502486814745e-05,0.007825340144336224,0.024464614689350128,0.007633707486093044,0.024755971506237984,8.54582049214514e-06,1.0388580413759636,0.26391718894562183,3.620853587358822,1.0500969687285688,1.168786195467811,2.028565178803791,1.8397640303573937,0.47987337937783503,1.4450517909274763,2.6112298967126044,3.9849083921383754,9.543459201993613,1.4693200990518287
14,44,1.9084966480731964,1600,400,12000,5e-06,1.25e-06,5e-06,105.0958716819996,128.1163445279999,0.6858108639717102,0.4802195131778717,0.2588781416416168,0.14043207466602325,0.1084924265742302,0.10571763664484024,0.741205632686615,0.2820814847946167,0.8099297881126404,1.9318288564682007,4.096250057220459,0.3920976221561432,0.489461213350296,0.38197046518325806,0.9062590599060059,0.7122854590415955,0.7995470762252808,0.025834374129772186,0.8226746320724487,0.05455605685710907,0.24089467525482178,0.061288122087717056,0.2820814847946167,0.2024824470281601,0.19318300485610962,6.825001764809713e-05,1.3132321328157559e-05,0.007841953076422215,0.024473054334521294,0.0076394169591367245,0.023414701223373413,8.510689440299757e-06,1.037033910302309,0.2641546838942238,3.6227604351226885,1.0484344956793805,1.167069367538041,2.023087494364337,1.8377591076073672,0.4694825299449752,1.4406083753436052,2.624349632472304,4.008369689474379,9.600502586090517,1.4670042312301015
