model,GT_boundary_radius_px,pixels,rmse_m,mae_m,sse_fraction_global
V10_1,1,1725092,1.8644505728209577,0.9641181352097483,0.23886222078138528
V10_1,2,2598642,1.7392499501096292,0.8489066636958852,0.31311502499884314
V10_1,3,3346179,1.6866887458102744,0.782185745825283,0.3791861963252699
V10_1,5,4563265,1.6421919421455962,0.7052571024923038,0.4901815707619238
V10_1,10,6665785,1.583765286194236,0.6107986214939833,0.6659879884602089
V11,1,1725092,1.8519518181150556,0.9589683059364355,0.23935260684422244
V11,2,2598642,1.7229500921077214,0.8428508381245223,0.3120745710362676
V11,3,3346179,1.667773075361935,0.7757400562951916,0.37652136069794334
V11,5,4563265,1.6207234878457715,0.69870032926987,0.4849088112852456
V11,10,6665785,1.5667610987206118,0.6058843010951096,0.6619472694701621
