model,absolute_error_threshold_m,pixels,pixel_fraction,sse_fraction,sse_m2,mse_contribution_m2
V10_1,1,1116056,0.043896021678197575,0.9545992838489376,23965563.708170056,0.9425986725254449
V10_1,2,490470,0.019290861527114737,0.9049715745530433,22719641.938748837,0.893594851032749
V10_1,5,144670,0.005690070620277874,0.7700967118809412,19333559.245531082,0.7604155488242074
V10_1,10,45779,0.0018005512056798287,0.5779437459656689,14509488.848381042,0.5706782070327119
V10_1,20,9543,0.00037533935113922553,0.304804712601429,7652233.6460876465,0.3009729028071138
V11,1,1108588,0.0436022949387752,0.9541532425772089,23585853.514361978,0.9276641469292095
V11,2,488494,0.019213142721932815,0.9042059217821996,22351198.38860464,0.8791034580701005
V11,5,143857,0.005658094209036526,0.7672761314989486,18966410.881464005,0.7459750973162157
V11,10,44751,0.0017601185479232402,0.5719652627489964,14138492.95954132,0.5560864270691342
V11,20,9148,0.0003598034563786687,0.2998204891714071,7411306.5099487305,0.29149690627036307
