model,stage,rmse_m,mae_m,pixels
V10_1,D16,2.7546787536146535,1.0243253382956374,378104
V10_1,D8,2.305572616227674,0.8517364611379906,1315816
V10_1,D0,1.790181505032404,0.6191938480337235,4336711
V10_1,D4_step1,1.6441037569186865,0.4625494739978796,4336711
V10_1,D4_step2,1.6437460716063124,0.43636604361347175,4336711
V10_1,D4,1.6437460716063124,0.43636604361347175,4336711
V10_1,D2_base,1.311452258208517,0.392340938637952,12844786
V10_1,D2_query,1.2715424525618888,0.36470206549295836,12844786
V10_1,D2,1.2167359939276032,0.3199473666977681,12844786
V10_1,D1_base,1.0417281808776866,0.3027156513741093,25424992
V10_1,D1,1.0074726072293538,0.27015574398004705,25424992
V10_1,D_full,0.9936944399191143,0.2583167638639554,25424992
V10_1,D_hard,1.1333170761854516,0.2678994969858458,25424992
V11,D16,2.7099413170048665,1.0385938349761992,378104
V11,D8,2.295005527779509,0.8871289370554838,1315816
V11,D0,1.8726878593901868,0.6670414247579133,4336711
V11,D4_step1,1.6685272490095373,0.4723864175903159,4336711
V11,D4_step2,1.6784257403129093,0.4440445737756196,4336711
V11,D4,1.6784257403129093,0.4440445737756196,4336711
V11,D2_base,1.3224023172158421,0.405638848973544,12844786
V11,D2_query,1.2616828742877024,0.3740930095960973,12844786
V11,D2,1.2069991158467106,0.3197392634155352,12844786
V11,D1_base,1.0362098724727187,0.3065463478180894,25424992
V11,D1,0.9994723581260723,0.267979135493418,25424992
V11,D_full,0.9860213546358949,0.2569456812217162,25424992
V11,D_hard,1.1263715704541515,0.2666988645051003,25424992
