epoch,cumulative_epoch_index,train_samples,val_samples,global_step,lr_decoder,lr_encoder,lr_new_heads,train_seconds,epoch_seconds,loss_gt_D16,loss_gt_D8,loss_gt_D4,loss_gt_D2,loss_gt_D1,loss_gt_D_full,loss_total,loss_metric,loss_rmse,loss_range,loss_range_active_bins,loss_sparse,loss_holdout,loss_trust,loss_metric_kd,loss_kd_coverage,loss_kd_mean_confidence,loss_lambda_kd,loss_sensor_gate_mean,loss_sensor_gt_conflict_fraction,loss_abs_delta4_mean,loss_abs_delta1_mean,loss_weighted_metric,loss_weighted_rmse,loss_weighted_range,loss_weighted_log,loss_weighted_edge,loss_weighted_sparse,loss_weighted_holdout,loss_weighted_trust,loss_weighted_metric_kd,loss_weighted_teacher_edge,val_rmse_m,val_mae_m,val_irmse_km_inv,val_pre_anchor_rmse_m,val_legacy_hard_rmse_m,val_native_D0_rmse_m,val_native_D4_rmse_m,val_rmse_0-20_m,val_rmse_20-40_m,val_rmse_40-60_m,val_rmse_60-80_m,val_rmse_80-120_m,val_rmse_edge_m
0,15,1600,400,800,0.0001,2.5e-05,0.0002,121.00316862199998,141.25183158599998,1.103488802909851,0.6372469067573547,0.3069941997528076,0.17824959754943848,0.13817735016345978,0.13617317378520966,0.9473253488540649,0.36423537135124207,1.0107603073120117,2.395723581314087,4.088749885559082,0.333717405796051,0.4748368263244629,0.4120978116989136,1.0588194131851196,0.7122853398323059,0.7995820641517639,0.049167703837156296,0.8550994396209717,0.0543428510427475,0.007454769220203161,0.013042456470429897,0.36423537135124207,0.25269007682800293,0.23957227170467377,9.578839672030881e-05,1.529253313492518e-05,0.0066743409261107445,0.02374185062944889,0.008241952396929264,0.05204892158508301,9.43489430937916e-06,1.1100584169004464,0.2869190614992528,4.0915978118210825,1.11449429114346,1.2252660832444455,2.23212908251496,1.9752231697930311,0.5532738074152904,1.573091648215197,2.6209233486078314,4.159894078805255,10.71192112512169,1.5908032465920408
1,16,1600,400,1600,9.881182753779686e-05,2.4702956884449215e-05,0.00019762365507559372,88.37326661299994,108.6796181929999,1.0670711994171143,0.6422163248062134,0.30684542655944824,0.17770692706108093,0.13667605817317963,0.13400734961032867,0.9428796172142029,0.3604716658592224,0.9985219240188599,2.4071784019470215,4.105000019073486,0.34910398721694946,0.47942838072776794,0.40019240975379944,1.1155762672424316,0.7122857570648193,0.7995718121528625,0.04750104248523712,0.83725506067276,0.05435731261968613,0.033573687076568604,0.03104345314204693,0.3604716658592224,0.24963048100471497,0.24071772396564484,9.320244862465188e-05,1.4847300917608663e-05,0.006982078310102224,0.02397141605615616,0.008003847673535347,0.052984535694122314,9.676510671852157e-06,1.1014590530093546,0.28274197509576554,4.02843533044801,1.1080209461420152,1.219852967376991,2.196419707189408,1.9683092055552784,0.5720997763105147,1.5667961533980086,2.568292153295979,4.018480957886749,10.118713545719197,1.58246323626212
2,17,1600,400,2400,9.530097552630161e-05,2.3825243881575403e-05,0.00019060195105260322,88.94156652200013,109.46022812900014,1.0135061740875244,0.6183000206947327,0.3041742742061615,0.1742973029613495,0.1330246925354004,0.1301346719264984,0.9226510524749756,0.35081514716148376,0.9827126264572144,2.366406202316284,4.105000019073486,0.35712242126464844,0.4811229109764099,0.3962657153606415,1.0969144105911255,0.7122858166694641,0.7995675206184387,0.04583438113331795,0.8272627592086792,0.0541875958442688,0.05328316614031792,0.036445777863264084,0.35081514716148376,0.2456781566143036,0.23664088547229767,8.957980026025325e-05,1.4371159522852395e-05,0.0071424441412091255,0.024056145921349525,0.007925313897430897,0.05028010159730911,9.658059752837289e-06,1.1023880364642014,0.2816720222221899,4.058778120080143,1.1105447656059295,1.2201922193797212,2.1907955453901033,1.969792847111762,0.592139137742551,1.5620587917433755,2.53544546617128,3.9634915801424424,10.118523421284216,1.585094002283912
3,18,1600,400,3200,8.96435221858529e-05,2.2410880546463226e-05,0.0001792870443717058,88.6503784900001,108.793463643,0.9678320288658142,0.6022405624389648,0.30068260431289673,0.17151464521884918,0.13136835396289825,0.12840846180915833,0.9081022143363953,0.34495723247528076,0.9718592762947083,2.3238840103149414,4.088749885559082,0.3606536090373993,0.4815792441368103,0.3943386673927307,1.0981566905975342,0.7122847437858582,0.7995493412017822,0.044167712330818176,0.8241294622421265,0.05424767732620239,0.06405381858348846,0.03923635557293892,0.34495723247528076,0.24296481907367706,0.23238854110240936,8.757581963436678e-05,1.4308821846498176e-05,0.0072130779735744,0.02407899498939514,0.007886776700615883,0.048501744866371155,9.658722774474882e-06,1.0807572839617239,0.2770282997932148,3.947350891518972,1.0892257961864813,1.2032046916130579,2.1879101725938073,1.9605154607361512,0.5464532438603291,1.5324380956108383,2.555362728881535,4.001449771760937,10.069227567558128,1.5459371961149726
4,19,1600,400,4000,8.21232063030033e-05,2.0530801575750825e-05,0.0001642464126060066,88.656084986,108.89270992699994,0.9364657402038574,0.5914168357849121,0.29901304841041565,0.16914872825145721,0.12961505353450775,0.12663604319095612,0.8970887660980225,0.34002289175987244,0.9640281200408936,2.3070387840270996,4.098750114440918,0.3632025420665741,0.4779997169971466,0.39337995648384094,1.0875760316848755,0.7122857570648193,0.7994571328163147,0.042501043528318405,0.8222924470901489,0.05445996671915054,0.07401132583618164,0.038866717368364334,0.34002289175987244,0.2410070300102234,0.23070409893989563,8.589571370976046e-05,1.4136713616608176e-05,0.007264058571308851,0.023899976164102554,0.007867595180869102,0.0462140329182148,9.54585902945837e-06,1.0674719019954924,0.2753893346832514,3.8607251860348732,1.0764133210517932,1.192485140213304,2.143125538219846,1.9462090434107213,0.5090011637420522,1.5087765957865809,2.611953359590144,4.015629829029273,10.009757423220336,1.5231814466719829
5,20,1600,400,4800,7.3117194983637e-05,1.827929874590925e-05,0.000146234389967274,87.94000324500007,108.34841494700004,0.9105740785598755,0.5826317071914673,0.29642632603645325,0.16694194078445435,0.12789715826511383,0.12493336200714111,0.8858242630958557,0.335324227809906,0.9545586705207825,2.289393663406372,4.119999885559082,0.365466833114624,0.47952547669410706,0.3923328220844269,1.0696154832839966,0.7122860550880432,0.7995980381965637,0.04083436727523804,0.8215674161911011,0.05447881668806076,0.08415345847606659,0.04251941293478012,0.335324227809906,0.23863966763019562,0.2289392650127411,8.415460615651682e-05,1.3942902114649769e-05,0.007309341337531805,0.0239762831479311,0.007846655324101448,0.04368134215474129,9.509079063718673e-06,1.0673853044025692,0.27455755879379595,3.854693289177736,1.076744092949378,1.1923926062387462,2.1409815101141993,1.9395241297989771,0.5126611900523494,1.4997431830743206,2.601564100560362,4.039588472563606,10.19143330868545,1.5166239050222463
6,21,1600,400,5600,6.307716755583008e-05,1.576929188895752e-05,0.00012615433511166017,88.86575534899998,109.32303882899987,0.8937118053436279,0.5700206160545349,0.29498106241226196,0.1654626578092575,0.12673643231391907,0.12378683686256409,0.8766660690307617,0.3318849205970764,0.9466937780380249,2.276421070098877,4.102499961853027,0.3678993880748749,0.48004260659217834,0.39128705859184265,1.0509461164474487,0.7122852206230164,0.7996371984481812,0.03916770592331886,0.8220585584640503,0.05447348579764366,0.09160356968641281,0.04472552239894867,0.3318849205970764,0.23667344450950623,0.2276422679424286,8.30870121717453e-05,1.3857752492185682e-05,0.007357974536716938,0.024002129212021828,0.007825745269656181,0.04117368161678314,9.444953320780769e-06,1.0594768782054116,0.2729086402289158,3.8199727488593043,1.068891319628423,1.1858636203897814,2.118306854355515,1.9328454728792774,0.5249059769147338,1.4987350902542254,2.552290645167431,3.9268471676529586,9.812439794915313,1.5116759741781944
7,22,1600,400,6400,5.2506662454261824e-05,1.3126665613565456e-05,0.00010501332490852365,88.87271722300011,109.21108505800021,0.8612489104270935,0.5578665137290955,0.29300224781036377,0.16472585499286652,0.12671463191509247,0.12374553084373474,0.8718721866607666,0.3298952877521515,0.9451262354850769,2.2703959941864014,4.114999771118164,0.36929404735565186,0.48071616888046265,0.3899480104446411,1.0491479635238647,0.7122854590415955,0.7995349168777466,0.03750103712081909,0.8221960067749023,0.05451948568224907,0.10002463310956955,0.04318314790725708,0.3298952877521515,0.23628155887126923,0.22703960537910461,8.231872197939083e-05,1.3949954336567316e-05,0.007385882083326578,0.024035820737481117,0.007798964623361826,0.03932911157608032,9.389234037371352e-06,1.0593391833580783,0.2718656135773049,3.8322298200234903,1.0686263199374875,1.1854501113313876,2.1044145612889924,1.9265608793741595,0.5074856628221309,1.4917537473294669,2.5897607851560553,3.991970182678537,10.038997570964552,1.5136380327769212
8,23,1600,400,7200,4.19358232100018e-05,1.048395580250045e-05,8.38716464200036e-05,88.62383819799993,108.87509223300003,0.8556429743766785,0.5497375130653381,0.29141414165496826,0.16274385154247284,0.12506364285945892,0.12209738790988922,0.8594831824302673,0.32604244351387024,0.9339742064476013,2.2373058795928955,4.096250057220459,0.3712722361087799,0.4797787368297577,0.3898330628871918,1.029529333114624,0.7122855186462402,0.7996301651000977,0.03583437204360962,0.8232921361923218,0.05456705763936043,0.10552801936864853,0.04588102549314499,0.32604244351387024,0.23349355161190033,0.2237308770418167,8.133146911859512e-05,1.3803314686811063e-05,0.007425445597618818,0.023988932371139526,0.007796669844537973,0.03690135106444359,9.322598998551257e-06,1.0628821798962473,0.27097739634742307,3.8234068357162765,1.072275561939639,1.1884703913840537,2.098770282561689,1.925795410931249,0.5154684520031133,1.5157619635824795,2.5690206301961527,3.9231487497380275,10.26759135363668,1.5182311598358311
9,24,1600,400,8000,3.189481011240928e-05,7.97370252810232e-06,6.378962022481856e-05,89.09713930099974,109.69192035299989,0.8358712792396545,0.5412535071372986,0.2895756959915161,0.16144433617591858,0.12388298660516739,0.12091638892889023,0.8529489636421204,0.3226870000362396,0.932046115398407,2.2307822704315186,4.09499979019165,0.37252047657966614,0.48030275106430054,0.3887017071247101,1.019634485244751,0.712285041809082,0.7995274066925049,0.034167706966400146,0.8230558037757874,0.05435945838689804,0.11046546697616577,0.04697946831583977,0.3226870000362396,0.23301152884960175,0.22307826578617096,8.019429515115917e-05,1.3688912986253854e-05,0.007450408767908812,0.02401513233780861,0.007774033583700657,0.034829724580049515,9.264585060009267e-06,1.0593333157772031,0.2709875976499805,3.8022139132923187,1.069364072852992,1.1856497141869555,2.1049476560449847,1.9178686569849854,0.5186238687281199,1.4984734113155114,2.554543528725974,3.955199385384557,10.015822885135302,1.5099912336467427
10,25,1600,400,8800,2.2887211030552418e-05,5.721802757638104e-06,4.5774422061104835e-05,88.92468453099991,109.30726254799993,0.821590006351471,0.5389730930328369,0.28806400299072266,0.16029763221740723,0.12314534932374954,0.12017489224672318,0.8474583029747009,0.32053470611572266,0.9269808530807495,2.229299306869507,4.103749752044678,0.3729965388774872,0.48273590207099915,0.3877688944339752,1.0088045597076416,0.7122853398323059,0.799445390701294,0.032501041889190674,0.8231008052825928,0.05429847911000252,0.11643727123737335,0.05023001506924629,0.32053470611572266,0.23174521327018738,0.2229299545288086,7.956647459650412e-05,1.3637387382914312e-05,0.007459932006895542,0.024136798456311226,0.007755376398563385,0.03279322013258934,9.22766139410669e-06,1.0537993518419289,0.2699231822110588,3.8068864779698894,1.0631511211635016,1.1808893461268732,2.081685567785777,1.9148780583666694,0.5139420272804812,1.5010624458505664,2.5594017835922025,3.882147302108953,9.638553134118773,1.502733309415272
11,26,1600,400,9600,1.536478492370811e-05,3.841196230927027e-06,3.072956984741622e-05,88.90749624499995,109.5693991029998,0.8122536540031433,0.5294679403305054,0.2864913046360016,0.15952105820178986,0.12259872257709503,0.11964727193117142,0.8395035862922668,0.3185563087463379,0.9222402572631836,2.2049384117126465,4.089999675750732,0.3737886846065521,0.4806080162525177,0.3877643048763275,0.9901345372200012,0.7122855186462402,0.7995170950889587,0.030834373086690903,0.8227120041847229,0.05430636927485466,0.12062523514032364,0.05024329200387001,0.3185563087463379,0.2305600643157959,0.22049394249916077,7.916426693554968e-05,1.3608459994429722e-05,0.0074757798574864864,0.024030396714806557,0.0077552818693220615,0.03053012490272522,9.237108315574005e-06,1.0501326853565203,0.2689869180435534,3.7744943391298817,1.0594741801606522,1.1779644759769472,2.0828381572837515,1.9111444961473651,0.5136713693951088,1.4993000381966708,2.5560406897343673,3.837248896974744,9.47137171749755,1.4996291524406309
12,27,1600,400,10400,9.704804732021848e-06,2.426201183005462e-06,1.9409609464043696e-05,88.97810741500007,109.77017955200017,0.8065623044967651,0.5271516442298889,0.2862412631511688,0.15973681211471558,0.123020239174366,0.1200825497508049,0.840194046497345,0.3189716935157776,0.9245260953903198,2.2180685997009277,4.102499961853027,0.37352415919303894,0.484353244304657,0.3875184655189514,0.9856348037719727,0.7122853398323059,0.7995604276657104,0.02916770428419113,0.8227717876434326,0.054351091384887695,0.12399624288082123,0.05170223116874695,0.3189716935157776,0.23113152384757996,0.22180669009685516,7.966250268509611e-05,1.3650586879521143e-05,0.007470481097698212,0.024217644706368446,0.007750365417450666,0.028744105249643326,9.20144248084398e-06,1.0506209583362602,0.2696462859222058,3.7861703983189052,1.0605450424872243,1.1786026216526557,2.107659262945167,1.9125578996668124,0.5176794288780054,1.4807037472692446,2.546659727021007,3.91041901748182,9.682532417245664,1.497338674433681
13,28,1600,400,11200,6.191135971452714e-06,1.5477839928631784e-06,1.2382271942905427e-05,89.04089643999987,109.49579775200027,0.8026179075241089,0.5238090753555298,0.2856921851634979,0.1587589830160141,0.12228193134069443,0.1193452700972557,0.8320901989936829,0.31722351908683777,0.9184982180595398,2.1877527236938477,4.114999771118164,0.37408071756362915,0.4834389388561249,0.3875373303890228,0.980071485042572,0.7122854590415955,0.7995015382766724,0.02750103920698166,0.8234521150588989,0.05431310832500458,0.1263911873102188,0.0508979931473732,0.31722351908683777,0.22962455451488495,0.21877533197402954,7.88997276686132e-05,1.3705833225685637e-05,0.007481613662093878,0.024171939119696617,0.007750756107270718,0.0269609484821558,9.195305210596416e-06,1.0525798109893951,0.2691650982495534,3.7836575796632497,1.0623373073094213,1.1800649924027284,2.0812440844456948,1.9115894530799293,0.5203037550220031,1.4971454032026723,2.5504647451607183,3.8563173721024477,9.491044309094047,1.501307841163298
14,29,1600,400,12000,5e-06,1.25e-06,1e-05,88.74416409200012,110.08050720599977,0.8009838461875916,0.5240104794502258,0.2856593728065491,0.15862981975078583,0.12195968627929688,0.11901136487722397,0.8324180245399475,0.31665417551994324,0.9204636216163635,2.2072813510894775,4.096250057220459,0.3743442893028259,0.4826866686344147,0.3875046968460083,0.984864354133606,0.7122854590415955,0.7995470762252808,0.025834374129772186,0.8225027918815613,0.05455605685710907,0.1281629204750061,0.051542676985263824,0.31665417551994324,0.23011590540409088,0.22072827816009521,7.86747841630131e-05,1.3672444765688851e-05,0.007486886344850063,0.02413433976471424,0.007750093005597591,0.025446318089962006,9.154661711363588e-06,1.0453702927470139,0.26874167571068547,3.7650564247716343,1.0550343451812927,1.1740676236124956,2.0840220491565162,1.90660015807049,0.4989961203337804,1.4738314855400907,2.568658431843141,3.933230345330912,9.622108949726199,1.4894503432950077
