epoch,cumulative_epoch_index,val_selected_nfe,val_executed_nfe,val_terminal_time,val_h1_mean,val_h2_mean,dynamics_parameter_norm,reaction_parameter_norm,train_samples,val_samples,global_step,lr_decoder,lr_encoder,lr_new_head,train_seconds,epoch_seconds,loss_gt_D16,loss_gt_D8,loss_gt_D4,loss_gt_D2,loss_gt_D1,loss_gt_D_full,loss_total,loss_metric,loss_rmse,loss_range,loss_range_active_bins,loss_sparse,loss_holdout,loss_trust,loss_metric_kd,loss_kd_coverage,loss_kd_mean_confidence,loss_lambda_kd,loss_sensor_gate_mean,loss_abs_delta4_mean,loss_abs_delta1_mean,loss_boundary_rmse,loss_barrier,loss_barrier_support,loss_barrier_positive_fraction,loss_tail,loss_tail_ramp,loss_dynamics_aux,loss_inverse_rmse_km_inv,loss_inverse_ramp,loss_inverse,loss_relative_gradient,loss_relative_pair_coverage,loss_relative_ramp,loss_dynamics_state_change_1,loss_dynamics_forcing_1,loss_dynamics_transport_1,loss_dynamics_mass_1,loss_dynamics_step_mean_1,loss_dynamics_step_min_1,loss_dynamics_step_max_1,loss_dynamics_sensor_error_m_1,loss_dynamics_state_change_2,loss_dynamics_forcing_2,loss_dynamics_transport_2,loss_dynamics_mass_2,loss_dynamics_step_mean_2,loss_dynamics_step_min_2,loss_dynamics_step_max_2,loss_dynamics_sensor_error_m_2,loss_dynamics_terminal_time_mean,loss_weighted_metric,loss_weighted_rmse,loss_weighted_range,loss_weighted_sparse,loss_weighted_holdout,loss_weighted_trust,loss_weighted_metric_kd,loss_weighted_boundary,loss_weighted_barrier,loss_weighted_tail,loss_weighted_dynamics_aux,loss_weighted_inverse_rmse,loss_weighted_inverse,loss_weighted_relative,loss_weighted_log,loss_weighted_edge,loss_weighted_teacher_edge,loss_query_uncertainty_mean,loss_query_gate_mean,loss_query_center_weight_mean,loss_query_entropy_mean,loss_innovation_abs_mean_m,loss_innovation_support_fraction,loss_innovation_head_raw_abs,loss_metric_head_saturation_fraction,val_rmse_m,val_mae_m,val_irmse_km_inv,early_stop_bad_epochs,early_stop_monitor_best_rmse_m,early_stop_triggered,val_pre_anchor_rmse_m,val_legacy_hard_rmse_m,val_native_D0_rmse_m,val_native_D4_rmse_m,val_native_D4_step1_rmse_m,val_native_D4_step2_rmse_m,val_native_D2_base_rmse_m,val_native_D2_query_rmse_m,val_native_D2_rmse_m,val_tail_1m_sse_fraction,val_tail_2m_sse_fraction,val_tail_5m_sse_fraction,val_tail_10m_sse_fraction,val_tail_20m_sse_fraction,val_tail_1m_sse_m2,val_tail_2m_sse_m2,val_tail_5m_sse_m2,val_tail_10m_sse_m2,val_tail_20m_sse_m2,val_tail_1m_pixel_fraction,val_tail_2m_pixel_fraction,val_tail_5m_pixel_fraction,val_tail_10m_pixel_fraction,val_tail_20m_pixel_fraction,val_rmse_0-20_m,val_rmse_20-40_m,val_rmse_40-60_m,val_rmse_60-80_m,val_rmse_80-120_m,val_rmse_edge_m,val_gt_boundary_1px_rmse_m,val_gt_boundary_2px_rmse_m,val_gt_boundary_3px_rmse_m,val_gt_boundary_5px_rmse_m,val_gt_boundary_10px_rmse_m
0,0,2,2,0.5244446879625321,0.26215132743120195,0.2622933592647314,58.62967789173126,0.23435194790363312,1600,400,400,0.0003,0.00015,0.0003,77.75169178400006,111.30591689300013,10.17129898071289,6.260344505310059,1.6606870889663696,1.4907019138336182,1.4216234683990479,1.3462802171707153,6.502796649932861,3.320701837539673,2.7713069915771484,6.957343101501465,4.375,1.5221803188323975,1.6272625923156738,0.6446035504341125,7.417840480804443,0.7122857570648193,0.7999255061149597,0.011925186961889267,0.655485212802887,0.4045606851577759,0.05590875819325447,4.696077346801758,1.05388343334198,0.3209080100059509,0.0376790389418602,4.396657466888428,0.24937497079372406,1.7536778450012207,18.412843704223633,0.12468748539686203,0.0,0.09407033771276474,0.31169605255126953,0.16624997556209564,0.0029313908889889717,0.011352886445820332,0.0008833515457808971,0.08487307280302048,0.2521206736564636,0.25187480449676514,0.25243377685546875,2.0772390365600586,0.0026837463956326246,0.010432430543005466,0.0009692482417449355,0.08187925070524216,0.25214633345603943,0.2519003748893738,0.2524601221084595,1.7743972539901733,0.5042670369148254,3.320701837539673,1.6627826690673828,0.6957346200942993,0.0304435845464468,0.08136323094367981,0.012892072089016438,0.08847621828317642,0.2348036915063858,0.010538839735090733,0.1290503293275833,0.17536792159080505,0.06039828062057495,0.0,0.00023835300817154348,0.0,0.0,0.0,0.00064395263325423,0.21055465936660767,0.5980327725410461,1.2165300846099854,1.1144341230392456,0.6275681257247925,0.026811985298991203,0.00046988314716145396,1.4053050702377345,0.5458712858418419,6.675007533962982,0,1.4053050702377345,False,1.4495020993497767,1.4802986388320325,2.508196970511156,2.1491927718266814,2.216780643751424,2.1491927718266814,1.8949855103216522,1.7482791560930877,1.6439192416487913,0.9370110958843021,0.8749477696875284,0.7190610326079956,0.5014380948011585,0.22906188213479278,47048608.68053937,43932324.18778324,36105037.91171265,25177892.56011963,11501510.391418457,0.10729682825465589,0.04375344542881272,0.012361065836323567,0.0035040325676405325,0.0005837956605846719,0.7955794879960385,1.948313267018138,2.982623841571898,5.293229644062358,14.406441561407286,2.0138120156457755,2.1927046570528037,2.1039290274988245,2.076541444503646,2.0779182059455708,2.106696716325996
1,1,2,2,0.611818952858448,0.30556065194308757,0.3062583000957966,61.9868326485157,0.4348776638507843,1600,400,800,0.0002995401637776257,0.00014977008188881284,0.0002995401637776257,71.92330032299992,104.6078700160001,6.9853997230529785,1.6532844305038452,0.381813108921051,0.26394665241241455,0.22662511467933655,0.21109376847743988,2.221590280532837,0.7181615233421326,1.2030675411224365,3.0895376205444336,4.372499942779541,0.49210527539253235,0.5708740949630737,0.44050994515419006,5.699578285217285,0.7122853398323059,0.7998786568641663,0.011775185354053974,0.8584427237510681,0.4064615070819855,0.07195276767015457,2.113697052001953,0.7229535579681396,0.3209081292152405,0.037714142352342606,0.6850621700286865,0.7493749856948853,0.3989100456237793,5.2863569259643555,0.3746874928474426,0.0,0.08859267830848694,0.31169557571411133,0.49958330392837524,0.003992443438619375,0.01362772285938263,0.0017396825132891536,0.17174778878688812,0.2841963768005371,0.28044605255126953,0.28837573528289795,0.6895191073417664,0.0037111875135451555,0.012838981114327908,0.0016205633291974664,0.17382431030273438,0.28469786047935486,0.28097113966941833,0.28884872794151306,0.5612744688987732,0.5688945651054382,0.7181615233421326,0.7218401432037354,0.3089538514614105,0.009842099621891975,0.02854369767010212,0.008810197934508324,0.06713288277387619,0.10568491369485855,0.007229533512145281,0.126771479845047,0.03989097848534584,0.0780673399567604,0.0,0.0006616045138798654,0.0,0.0,0.0,0.000515029183588922,0.26508858799934387,0.5923149585723877,1.2016538381576538,0.3184133470058441,0.6275784969329834,0.016893640160560608,0.002659824676811695,1.2173217164623018,0.3729202230966925,4.618503647478061,0,1.2173217164623018,False,1.2448599201825472,1.3183287242064006,2.2778803434760477,1.9422459707999642,1.963894381100593,1.9422459707999642,1.625696461386553,1.5167783627235942,1.4524079155950487,0.9547326743234599,0.9027729784846686,0.7592002984800863,0.5511015566124251,0.2694022159579359,35971069.475382924,34013405.43056393,28604076.739816666,20763626.2108078,10150156.255950928,0.06946212608444478,0.030715132575066296,0.009056679349200975,0.0027472181702161403,0.0005087907205634519,0.6396835364116809,1.7519277105263154,2.762053898859068,4.427323027898348,11.38701951333344,1.7375273908276896,2.009964440767726,1.9067295218947555,1.8724471028275391,1.8583873252229295,1.8596589954564169
2,2,2,2,0.642902376651764,0.3211472796648741,0.3217550953477621,63.67671799659729,0.5225204229354858,1600,400,1200,0.00029815902742970157,0.00014907951371485078,0.00029815902742970157,70.75900842200008,104.55013802799999,3.0222315788269043,1.2331956624984741,0.3192310333251953,0.21324937045574188,0.17881247401237488,0.16869285702705383,1.9340391159057617,0.5071740746498108,1.092738389968872,2.8221542835235596,4.375,0.4511220157146454,0.5330442190170288,0.42837825417518616,4.486733436584473,0.712285041809082,0.7998483777046204,0.01162518560886383,0.8545188903808594,0.4298709034919739,0.07274353504180908,1.975816249847412,0.5844751596450806,0.3209080398082733,0.03778137266635895,0.5757718086242676,1.0,0.3315587639808655,4.403269290924072,0.6246874332427979,0.0,0.08714474737644196,0.3116949796676636,0.8329166173934937,0.005454891361296177,0.016970165073871613,0.002916321624070406,0.2967257499694824,0.3112860918045044,0.3080224096775055,0.31462106108665466,0.6158829927444458,0.0050041209906339645,0.01596767082810402,0.0026014300528913736,0.30253085494041443,0.31203821301460266,0.3088594377040863,0.3152819275856018,0.4864724278450012,0.6233243942260742,0.5071740746498108,0.6556432247161865,0.28221559524536133,0.009022432379424572,0.026652218773961067,0.008567565120756626,0.052179329097270966,0.09879082441329956,0.0058447509072721004,0.1439429521560669,0.03315586596727371,0.10976167768239975,0.0,0.0010880178306251764,0.0,0.0,0.0,0.0006817525718361139,0.29123184084892273,0.5692987442016602,1.2249196767807007,0.2932496666908264,0.6275736689567566,0.01650845631957054,0.0017546986928209662,1.1829770416851602,0.3361694355549242,4.502078600341304,0,1.1829770416851602,False,1.2050805517068646,1.2868546033396628,2.142533430974577,1.9345718133216407,1.9194379236340127,1.9345718133216407,1.6392257269902843,1.4912897764972484,1.4251853599828006,0.9598345693163554,0.9129047529564048,0.776131673435753,0.5704133620446075,0.28432812488104725,34151504.82439399,32481713.069585323,27615242.706443787,20295658.55253601,10116569.707946777,0.060636715244590834,0.027832496466468896,0.008543758833827755,0.0026484570771939673,0.0005081220871180609,0.6744237225628181,1.7059704270216023,2.599237895685876,4.047818737339196,10.257272539989614,1.6971672312087327,1.9284259801951134,1.8211639867814438,1.785733413877756,1.7738799902733766,1.7865194403938567
3,3,2,2,0.6507215294241905,0.3251065501570702,0.32561497986316684,64.7663403749466,0.5889131426811218,1600,400,1600,0.0002958655464133225,0.00014793277320666125,0.0002958655464133225,72.04978485499987,104.87483405599983,2.1514198780059814,1.0735350847244263,0.29957354068756104,0.1975318044424057,0.16287016868591309,0.15457524359226227,1.8404192924499512,0.44766849279403687,1.0484223365783691,2.6635525226593018,4.355000019073486,0.43764182925224304,0.5223642587661743,0.4224509000778198,3.9075429439544678,0.7122857570648193,0.7998930811882019,0.011475185863673687,0.8462016582489014,0.4565769135951996,0.08923721313476562,1.9122644662857056,0.5069640278816223,0.3209080696105957,0.037690483033657074,0.5361996293067932,1.0,0.3100356161594391,4.069713115692139,0.8746874332427979,0.0,0.08642400801181793,0.31169557571411133,1.0,0.006715505383908749,0.020086416974663734,0.003458407474681735,0.3563719391822815,0.3215353190898895,0.31957948207855225,0.32349565625190735,0.5847802758216858,0.006168813444674015,0.019059335812926292,0.003141396678984165,0.3633081018924713,0.32218897342681885,0.3203299939632416,0.3240501582622528,0.45760378241539,0.6437240242958069,0.44766849279403687,0.6290534734725952,0.2663549780845642,0.008752836845815182,0.02611820213496685,0.008449014276266098,0.044844210147857666,0.09561321884393692,0.005069638602435589,0.1340499073266983,0.03100356087088585,0.14214536547660828,0.0,0.0012963608605787158,0.0,0.0,0.0,0.0007923768134787679,0.3065347373485565,0.5484746694564819,1.2409089803695679,0.2976055145263672,0.6275632977485657,0.018106753006577492,0.001046341611072421,1.1033934629216366,0.31242210705327517,4.079300834652932,0,1.1033934629216366,False,1.1215346003105597,1.2227293829714738,1.9616753077374516,1.7825580833064052,1.7790086498148168,1.7825580833064052,1.4602010814523185,1.3856978641392943,1.34027278656645,0.9550165150074269,0.9045740268466141,0.7647958839833464,0.5657371682150465,0.28751134304669396,29561912.016189456,28000497.76475525,23673756.712451935,17512024.272094727,8899725.704467773,0.05535604494978799,0.02458411786324259,0.007223915744004954,0.0022466083765139435,0.0004425960094697375,0.5445435092598836,1.5117527088579685,2.5867185861492947,4.384444908114876,11.474998586017602,1.5747379541303583,1.9308383171178154,1.8171286376778375,1.776088223583459,1.7490171346935766,1.7242691803776475
4,4,2,2,0.6536576230823994,0.32660429649055006,0.3270533249527216,65.5426174402237,0.6081345081329346,1600,400,2000,0.00029267459673904927,0.00014633729836952464,0.00029267459673904927,71.75270742299995,105.20795966299988,1.7312699556350708,0.9521800875663757,0.2892882525920868,0.18822316825389862,0.1523200273513794,0.14526475965976715,1.7751429080963135,0.4121755361557007,1.0169495344161987,2.5737316608428955,4.375,0.42692461609840393,0.5174850821495056,0.4110897481441498,3.7339303493499756,0.7122852206230164,0.7998549342155457,0.011325186118483543,0.8280370235443115,0.46469274163246155,0.09762712568044662,1.8875278234481812,0.4481799900531769,0.32090815901756287,0.037740305066108704,0.5066365003585815,1.0,0.29831579327583313,3.8461456298828125,1.0,0.0,0.086992546916008,0.31169724464416504,1.0,0.0072526875883340836,0.021430818364024162,0.003685059491544962,0.37384486198425293,0.3249734938144684,0.32345202565193176,0.32647961378097534,0.5759839415550232,0.00662322249263525,0.020306114107370377,0.0034095044247806072,0.380840927362442,0.3255167305469513,0.3240913450717926,0.3269272446632385,0.45200443267822266,0.6504900455474854,0.4121755361557007,0.610169529914856,0.2573730945587158,0.008538494817912579,0.02587425895035267,0.008221796713769436,0.04229011759161949,0.09437642991542816,0.004481796640902758,0.12665912508964539,0.029831605032086372,0.1538459062576294,0.0,0.0013048877008259296,0.0,0.0,0.0,0.0008773450972512364,0.31492286920547485,0.5332232713699341,1.2476725578308105,0.30675601959228516,0.6275725364685059,0.020741019397974014,0.0005982728325761855,1.0743682451489487,0.3016348414533917,3.9393288976031333,0,1.0743682451489487,False,1.0901769916356294,1.19906019734314,1.917663812883676,1.760632697557462,1.7496521320124505,1.760632697557462,1.4017602981386776,1.3480296576586508,1.3129146287268971,0.9545170155954176,0.9036470693651212,0.7623758884148719,0.5588748883594817,0.28419801971326997,28012432.733301997,26519540.596608162,22373622.410902023,16401431.258651733,8340425.3460998535,0.05299675217203608,0.02355823750111701,0.006915164417750849,0.002118348749136283,0.0004186038681939408,0.4850590282967689,1.5112704016207885,2.6521926330602383,4.200562248014157,10.218443147620423,1.520826758989656,1.9314542686926959,1.8146812194811592,1.7688549575344015,1.7341993728302445,1.6945377721468766
5,5,2,2,0.6558849529922008,0.3277575957775116,0.3281273578852415,66.21276819705963,0.6389694213867188,1600,400,2400,0.0002886068755919529,0.00014430343779597645,0.0002886068755919529,71.59045368600005,104.53643145900014,1.4351856708526611,0.8735516667366028,0.2818508446216583,0.18116495013237,0.14426444470882416,0.13819308578968048,1.7122985124588013,0.3865095376968384,0.9938008189201355,2.528843879699707,4.389999866485596,0.41905394196510315,0.5082218647003174,0.4013954699039459,3.472707509994507,0.7122855186462402,0.7999549508094788,0.0111751863732934,0.8120505809783936,0.47251376509666443,0.10338085144758224,1.8642873764038086,0.41102445125579834,0.3209080398082733,0.037718284875154495,0.4825216233730316,1.0,0.28993263840675354,3.6938588619232178,1.0,0.0,0.08625245839357376,0.31169620156288147,1.0,0.007209882140159607,0.02114645391702652,0.0038166195154190063,0.3815189599990845,0.3264741003513336,0.325199693441391,0.3276993930339813,0.573573648929596,0.00651321979239583,0.01988166570663452,0.003551398403942585,0.38877788186073303,0.3269354999065399,0.32574668526649475,0.3280775845050812,0.4472365379333496,0.6534092426300049,0.3865095376968384,0.5962806344032288,0.2528843581676483,0.008381079882383347,0.025411086156964302,0.008027908392250538,0.038807354867458344,0.09321439266204834,0.0041102454997599125,0.1206304058432579,0.02899327129125595,0.14775441586971283,0.0,0.0012937866849824786,0.0,0.0,0.0,0.0008890501921996474,0.31928807497024536,0.5191096663475037,1.255301594734192,0.31147244572639465,0.6275680065155029,0.023814523592591286,0.00039768623537383974,1.0737316710445277,0.3040940177738846,3.8409627128789268,1,1.0743682451489487,False,1.0897731017332153,1.198917429723413,1.9112919316571348,1.766089413972401,1.7476710225847603,1.766089413972401,1.4287540350704044,1.3565090955821055,1.3122067273823796,0.9522455298508838,0.9016514245588829,0.7647529197947025,0.5649865734142828,0.288451494859654,27912664.417449594,26429626.44221449,22416793.71898651,16561149.545692444,8455224.54486084,0.052273684097914365,0.022925710261777074,0.006817701260240318,0.0021111117753744033,0.00041671596199518963,0.5106553680503645,1.491468357913903,2.598917223818466,4.203173921222993,10.35353426393891,1.5045093007797943,1.9309073792619067,1.814554537967058,1.767167674595452,1.7277670723189944,1.6861066793990533
6,6,2,2,0.6564363506436348,0.32804228261113166,0.3283940672129393,66.77414321899414,0.6586806178092957,1600,400,2800,0.0002836887670852264,0.0001418443835426132,0.0002836887670852264,72.99454685799992,106.79513686699988,1.2401188611984253,0.816752016544342,0.2773623764514923,0.17683757841587067,0.13939642906188965,0.13386601209640503,1.6661080121994019,0.37006038427352905,0.9724794030189514,2.4681456089019775,4.377500057220459,0.4167212247848511,0.5070199370384216,0.3969388008117676,3.526801347732544,0.7122852802276611,0.7999335527420044,0.01102518755942583,0.8069417476654053,0.46134504675865173,0.10323603451251984,1.8280357122421265,0.39126360416412354,0.3209080100059509,0.03790596127510071,0.46630820631980896,1.0,0.2848471701145172,3.5892744064331055,1.0,0.0,0.0859246551990509,0.31169548630714417,1.0,0.007209317293018103,0.021090781316161156,0.0039182002656161785,0.3853924572467804,0.32724615931510925,0.3261605501174927,0.3283171057701111,0.5729473829269409,0.006471540778875351,0.019719719886779785,0.0036466249730437994,0.3927357494831085,0.3276563286781311,0.3266464173793793,0.3286513090133667,0.4444619417190552,0.6549025774002075,0.37006038427352905,0.5834876298904419,0.24681447446346283,0.008334429003298283,0.025351006537675858,0.007938778959214687,0.038884978741407394,0.09140178561210632,0.003912635613232851,0.11657705157995224,0.02848472259938717,0.14357101917266846,0.0,0.0012888701166957617,0.0,0.0,0.0,0.0009336746879853308,0.3203413784503937,0.5068590641021729,1.2636889219284058,0.3147740364074707,0.6275652647018433,0.027840392664074898,0.00030252980650402606,1.049582056776563,0.2867595444605286,3.678426254272195,0,1.049582056776563,False,1.0643772266160065,1.1793723639676392,1.8876141853885868,1.7490194539649293,1.7284273694156624,1.7490194539649293,1.4067087297010092,1.328844668683767,1.2923130228306796,0.9550958550265768,0.9050273363538828,0.7655838078335402,0.5622006322199371,0.2838911485318441,26751034.43416977,25348678.157538414,21443040.191005707,15746533.0754776,7951434.246063232,0.04989114647509034,0.022249839842624138,0.006617465209035268,0.002039961310508967,0.0004016127124051799,0.515873750118995,1.4730177943444882,2.512751641044057,3.9947160824036536,9.892932764913994,1.4806720230838797,1.8875829267083868,1.7677003840933183,1.7201414025937305,1.6832566306510344,1.6476500634334466
7,7,2,2,0.6574205289781093,0.3285595435649157,0.328860986083746,67.26579314470291,0.6700993776321411,1600,400,3200,0.0002779521711271583,0.00013897608556357916,0.0002779521711271583,71.819580782,104.76190027799998,1.0841840505599976,0.742164134979248,0.27147671580314636,0.17150136828422546,0.1345478594303131,0.12949185073375702,1.621817708015442,0.35315054655075073,0.9546067118644714,2.4283854961395264,4.364999771118164,0.4133055806159973,0.5045844316482544,0.39292287826538086,3.337592124938965,0.7122854590415955,0.7998729348182678,0.010875187814235687,0.8064405918121338,0.4618805944919586,0.10783363878726959,1.8173716068267822,0.37091854214668274,0.32090798020362854,0.0376720204949379,0.4474411606788635,1.0,0.27796411514282227,3.4973323345184326,1.0,0.0,0.08654171973466873,0.31169673800468445,1.0,0.0073028490878641605,0.02136012353003025,0.0040389797650277615,0.3878462016582489,0.3277277648448944,0.3267041742801666,0.3287603259086609,0.5707017779350281,0.00654534250497818,0.019913803786039352,0.0037405809853225946,0.3953385353088379,0.3280957341194153,0.3271438479423523,0.3290540874004364,0.4417373538017273,0.6558236479759216,0.35315054655075073,0.5727641582489014,0.24283865094184875,0.008266106247901917,0.02522922493517399,0.007858454249799252,0.036284685134887695,0.09086862951517105,0.0037091837730258703,0.11186029016971588,0.02779642678797245,0.1398932784795761,0.0,0.001298125833272934,0.0,0.0,0.0,0.0009583126520738006,0.32065993547439575,0.4979657232761383,1.2671425342559814,0.3181215524673462,0.6275674104690552,0.03146594762802124,0.0002185875637223944,1.0341464390000539,0.2818905246696307,3.6215068521302913,0,1.0341464390000539,False,1.0481912461312142,1.1662739790169045,1.9044734276149557,1.7259753608902657,1.7191162353842038,1.7259753608902657,1.3618787942930297,1.3164544386513932,1.2684183537283213,0.9544612936941976,0.9035928302014712,0.7623637138407975,0.5592694825870007,0.28398547306745076,25952740.707048893,24569577.186522007,20729418.699834824,15207086.932533264,7721844.13949585,0.04908261131409599,0.02180401866006487,0.006410228172343181,0.001966057649103685,0.0003870601021231393,0.459246090568595,1.4144239072816365,2.5770153666425157,4.191685228307523,10.194767651321342,1.4618476639655882,1.907815591524693,1.785296090775909,1.7361629619493697,1.6943301425516448,1.6437728496848658
8,8,2,2,0.657054600417614,0.3283710888773203,0.32868351221084596,67.77690261602402,0.6945809125900269,1600,400,3600,0.0002714342965114755,0.00013571714825573775,0.0002714342965114755,72.43014099300012,106.2953384089999,1.0163671970367432,0.7196848392486572,0.269425630569458,0.16936832666397095,0.13226447999477386,0.12740230560302734,1.5929962396621704,0.34615230560302734,0.9407575726509094,2.380065679550171,4.367499828338623,0.4154523015022278,0.5065745711326599,0.39130595326423645,3.2907912731170654,0.7122859954833984,0.7999439835548401,0.01072518527507782,0.8059704899787903,0.4625053405761719,0.11579664051532745,1.7896775007247925,0.3647930324077606,0.3209081292152405,0.037874750792980194,0.43601009249687195,1.0,0.27564701437950134,3.415686845779419,1.0,0.0,0.08666334301233292,0.3116961121559143,1.0,0.0072088357992470264,0.02095865271985531,0.0041211009956896305,0.39218488335609436,0.3280072808265686,0.32707518339157104,0.328926146030426,0.5699713826179504,0.006396654527634382,0.019435491412878036,0.0038177412934601307,0.39952829480171204,0.32834938168525696,0.3274836540222168,0.32920214533805847,0.44181594252586365,0.6563568115234375,0.34615230560302734,0.5644545555114746,0.23800651729106903,0.00830904208123684,0.025328729301691055,0.007826113142073154,0.0352926142513752,0.08948389440774918,0.0036479283589869738,0.10900252312421799,0.027564698830246925,0.1366274654865265,0.0,0.0012999506434425712,0.0,0.0,0.0,0.001004249439574778,0.32284489274024963,0.48833155632019043,1.2691757678985596,0.3224298357963562,0.6275686025619507,0.034914977848529816,0.00019152776803821325,1.0476736064030279,0.28275428719199397,3.5462312762823456,1,1.0341464390000539,False,1.062120347542841,1.1776470235077652,1.9115595496132645,1.7392661435863177,1.741777744027853,1.7392661435863177,1.3631599191489985,1.3373561730581818,1.2906030554874381,0.955432205916434,0.9070266626580451,0.7734385801656503,0.573890694655549,0.28681820572291244,26663226.84249592,25312374.346274376,21584334.486520767,16015555.765907288,8004229.744812012,0.04809539369766567,0.021454166042608785,0.006537347189725763,0.0020774441148300065,0.00040259599688369615,0.44332258712149175,1.4068622237009472,2.6063138765022957,4.395287554907193,11.879974102061144,1.4704887416384282,1.9287084041859202,1.8077797190135316,1.7586574514214748,1.7174610210012877,1.6665400943587025
9,9,2,2,0.6580152313411236,0.3288784613460302,0.32913677029311655,68.27265346050262,0.710728108882904,1600,400,4000,0.00026417741957311317,0.00013208870978655658,0.00026417741957311317,70.63867177100019,103.914376791,0.9444047808647156,0.680903434753418,0.26502200961112976,0.16543124616146088,0.1283174455165863,0.12371440976858139,1.5669971704483032,0.33491095900535583,0.9289087653160095,2.3748059272766113,4.364999771118164,0.4138718843460083,0.5028138756752014,0.3883287310600281,3.2114038467407227,0.7122852206230164,0.7998368144035339,0.010575187392532825,0.8075172901153564,0.4643712639808655,0.12090785801410675,1.792922019958496,0.3573293089866638,0.3209080398082733,0.03763049468398094,0.4211924374103546,1.0,0.2709753215312958,3.3801305294036865,1.0,0.0,0.08654315024614334,0.31169721484184265,1.0,0.007400556467473507,0.021542144939303398,0.004179269541054964,0.39477401971817017,0.32813799381256104,0.327243447303772,0.32903528213500977,0.5677065253257751,0.006563031114637852,0.019924970343708992,0.0038631553761661053,0.402164489030838,0.3284521698951721,0.3276185393333435,0.32928717136383057,0.4391590654850006,0.6565901637077332,0.33491095900535583,0.5573453903198242,0.23748072981834412,0.008277439512312412,0.025140706449747086,0.007766575552523136,0.03395616635680199,0.08964613825082779,0.003573292400687933,0.10529810935258865,0.027097519487142563,0.13520532846450806,0.0,0.0012981476029381156,0.0,0.0,0.0,0.0010182242840528488,0.32297050952911377,0.48221445083618164,1.2688729763031006,0.3238281309604645,0.6275667548179626,0.03698490187525749,0.00016870225954335183,1.0261876896011082,0.2774783618583822,3.5185490771206007,0,1.0261876896011082,False,1.0401542517834907,1.1600553158398539,1.833633304002333,1.7143598334427883,1.6901950066445783,1.7143598334427883,1.3644893445264856,1.308823140998575,1.2653390983972759,0.9544179856583297,0.9044926994806124,0.7661932832018339,0.568464405156988,0.2928408763701464,25553655.801024437,24216952.59768629,20514114.07811165,15220106.874343872,7840542.68850708,0.047384675676594115,0.02103961330646633,0.006201339217727187,0.0019300301058108493,0.0003898526300421255,0.47605404846053695,1.4004163663556928,2.5630993533859803,4.060586506656331,9.604474386561611,1.4479051648819876,1.8970081284501061,1.7728342622810391,1.721021094381927,1.6780715386448979,1.627116762141338
10,10,2,2,0.6577809101343155,0.3287815777212381,0.3289993324130774,68.74032163619995,0.7315640449523926,1600,400,4400,0.00025622860997482467,0.00012811430498741233,0.00025622860997482467,73.06309875399984,106.75266825399967,0.9080355763435364,0.6528696417808533,0.26305416226387024,0.16369202733039856,0.12689541280269623,0.12243994325399399,1.5474141836166382,0.3297978639602661,0.9222495555877686,2.343486785888672,4.367499828338623,0.4142746329307556,0.502754271030426,0.38676777482032776,3.00473952293396,0.7122855186462402,0.7997831702232361,0.010425186716020107,0.8085731863975525,0.47777533531188965,0.12741190195083618,1.7833170890808105,0.34773316979408264,0.3209080696105957,0.03769785538315773,0.41575366258621216,1.0,0.2684563100337982,3.3176796436309814,1.0,0.0,0.08643141388893127,0.31169575452804565,1.0,0.007391391322016716,0.021504251286387444,0.004213316366076469,0.39706864953041077,0.3280618488788605,0.3272315561771393,0.3288849890232086,0.5665506720542908,0.006532946135848761,0.019810646772384644,0.003885573009029031,0.4043182134628296,0.3283551335334778,0.3275788426399231,0.3291243016719818,0.4390934705734253,0.6564174294471741,0.3297978639602661,0.5533492565155029,0.23434865474700928,0.008285485208034515,0.025137702003121376,0.007735354360193014,0.03132835403084755,0.08916586637496948,0.0034773319493979216,0.10393841564655304,0.02684563398361206,0.1327071487903595,0.0,0.0012964719207957387,0.0,0.0,0.0,0.001045477925799787,0.323117196559906,0.4744439125061035,1.2709221839904785,0.32701635360717773,0.6275690793991089,0.03881026804447174,0.00015374440408777446,1.0374301903026928,0.2750996002960705,3.537117538735063,1,1.0261876896011082,False,1.051562784905389,1.169231249815191,1.8313807366805521,1.7394637916398372,1.695031882516717,1.7394637916398372,1.4174022967350297,1.319315422010556,1.2785699203456897,0.9561090095141894,0.9073302529944268,0.7714685380679933,0.5752123315673686,0.30132620414403016,26162907.1590631,24828128.315372944,21110416.842391968,15740074.277923584,8245471.410858154,0.0474667995962398,0.021164372441100473,0.006295380545252483,0.0019646810508337624,0.0004019273634383051,0.5184499830205618,1.4723986369139868,2.4806685277200193,3.845537257156982,9.281820743091597,1.4664007255421627,1.8727922938390993,1.7519065131426461,1.7037381241705851,1.6678392674059968,1.6330578611214968
11,11,2,2,0.6576812483370305,0.3287389255315065,0.3289423214644194,69.20166820287704,0.7490500807762146,1600,400,4800,0.00024763942540323767,0.00012381971270161883,0.00024763942540323767,69.58767471200008,103.155947836,0.8547717332839966,0.6266442537307739,0.26006320118904114,0.1614430546760559,0.12466900795698166,0.1203739121556282,1.5208251476287842,0.3228522539138794,0.9089723825454712,2.314781904220581,4.380000114440918,0.41571786999702454,0.5008533596992493,0.38574594259262085,2.847731828689575,0.7122857570648193,0.7998546361923218,0.010275186970829964,0.8101403117179871,0.4789847731590271,0.13081665337085724,1.7611666917800903,0.34218573570251465,0.32090792059898376,0.03776843100786209,0.40324458479881287,1.0,0.26502183079719543,3.2669215202331543,1.0,0.0,0.08693187683820724,0.31169626116752625,1.0,0.0073992167599499226,0.0214682687073946,0.004323209170252085,0.4008910655975342,0.3282276391983032,0.3274829387664795,0.3290019929409027,0.5677573680877686,0.00651279604062438,0.019723257049918175,0.003953853156417608,0.40832096338272095,0.32848629355430603,0.327787846326828,0.32921260595321655,0.4411344826221466,0.6567142605781555,0.3228522539138794,0.5453833937644958,0.23147818446159363,0.008314361795783043,0.02504264935851097,0.007714917417615652,0.029264310374855995,0.08805834501981735,0.0034218572545796633,0.10081114619970322,0.026502199470996857,0.13067688047885895,0.0,0.001303978031501174,0.0,0.0,0.0,0.0010942498920485377,0.32426902651786804,0.4680090546607971,1.2710070610046387,0.32831865549087524,0.6275774240493774,0.04144519194960594,0.00016658796812407672,1.013748901301853,0.2785260164047556,3.4454957045651615,0,1.013748901301853,False,1.0271008774235204,1.149244152703611,1.8434945344480613,1.691242436193977,1.6833095061184007,1.691242436193977,1.3451764877871837,1.2960418796738156,1.2433556958662964,0.9511294335689113,0.8996619297559165,0.7608681648331409,0.5632462583757474,0.2908599460245722,24851993.967981458,23507203.18644905,19880670.6800251,14717021.807556152,7599859.040222168,0.04719077197743071,0.020576997625014002,0.00602308940746176,0.0018683978346974504,0.0003794691459489938,0.4516215798679341,1.4082171446945642,2.556765456624777,3.9690724174678667,9.642067486746376,1.4285888199976582,1.8883300346171523,1.7659559519061834,1.7155712970954586,1.6721995351239665,1.6173493873966398
12,12,2,2,0.6561415386199951,0.327968268096447,0.3281732694804668,69.64775723218918,0.7627838253974915,1600,400,5200,0.00023846557715462258,0.00011923278857731129,0.00023846557715462258,73.47773150800003,106.65134330199999,0.8336932063102722,0.6133275628089905,0.2576698958873749,0.1595245599746704,0.12288489192724228,0.11874859780073166,1.5056202411651611,0.31820765137672424,0.9035601615905762,2.294999837875366,4.364999771118164,0.4148727357387543,0.5014711022377014,0.3854701817035675,2.7270596027374268,0.7122857570648193,0.799882709980011,0.01012518722563982,0.8109568357467651,0.4698168933391571,0.14167994260787964,1.7573777437210083,0.33767929673194885,0.32090818881988525,0.03773589804768562,0.39786121249198914,1.0,0.2625489830970764,3.2202696800231934,1.0,0.0,0.08686521649360657,0.31169575452804565,1.0,0.007355798967182636,0.021328654140233994,0.004370956216007471,0.40378639101982117,0.3281116485595703,0.327357679605484,0.32887405157089233,0.5665793418884277,0.006448101252317429,0.019515883177518845,0.003974846098572016,0.4111536741256714,0.32833823561668396,0.32762446999549866,0.3290593922138214,0.44066527485847473,0.6564498543739319,0.31820765137672424,0.5421361923217773,0.22949998080730438,0.008297453634440899,0.025073539465665817,0.007709406316280365,0.027616415172815323,0.08786890655755997,0.0033767956774681807,0.09946530312299728,0.026254912838339806,0.1288108378648758,0.0,0.001302977791056037,0.0,0.0,0.0,0.0010997708886861801,0.3223525881767273,0.4621092975139618,1.2740916013717651,0.32799455523490906,0.6275668740272522,0.04256938025355339,0.00014007711433805525,1.0155888309314152,0.26973835586200723,3.400611263730988,1,1.013748901301853,False,1.0293123320940272,1.1518076568312923,1.842096156871284,1.7011994784783198,1.6903077654531893,1.7011994784783198,1.334402580896398,1.3002239926641186,1.2493396985781124,0.9550047672976801,0.905740083896255,0.7691121860946565,0.5687486047020845,0.28730201382018167,25043913.582880497,23752003.30552721,20169092.117307663,14914785.134368896,7534168.469818115,0.045957929898267025,0.02045652561070619,0.006136835755936521,0.0019241697303188925,0.0003779745535416491,0.45056915691543487,1.3914756182211452,2.5017316631060567,4.117564871587324,10.8493014266562,1.4272297046549551,1.8762903305505614,1.7535741209495572,1.7037284563586619,1.6632851729904399,1.6144768853020002
13,13,2,2,0.6574681325256825,0.32866316504776477,0.3288049679249525,70.0616003870964,0.7754015326499939,1600,400,5600,0.00022876656877945754,0.00011438328438972877,0.00022876656877945754,69.19868336799982,102.2859464549997,0.7946639657020569,0.5842328667640686,0.25365909934043884,0.1564081758260727,0.12014441192150116,0.11618237942457199,1.4791523218154907,0.3103041648864746,0.8891814947128296,2.2767255306243896,4.40749979019165,0.41563287377357483,0.5020260810852051,0.38385751843452454,2.642216682434082,0.7122855186462402,0.7998342514038086,0.009975188411772251,0.810076117515564,0.4907130300998688,0.14393015205860138,1.7473653554916382,0.33194854855537415,0.3209080100059509,0.037645380944013596,0.3840765058994293,1.0,0.25813087821006775,3.159701108932495,1.0,0.0,0.08737823367118835,0.3116946816444397,1.0,0.007300501689314842,0.021069783717393875,0.004444719757884741,0.4067954421043396,0.3282422423362732,0.3275345265865326,0.3289681673049927,0.5676011443138123,0.0063650524243712425,0.01917213201522827,0.004018216859549284,0.4142254889011383,0.32843056321144104,0.3277570307254791,0.32912105321884155,0.439911425113678,0.6566728949546814,0.3103041648864746,0.533508837223053,0.22767257690429688,0.008312658406794071,0.02510128729045391,0.00767715135589242,0.026357173919677734,0.08736825734376907,0.0033194844145327806,0.09601912647485733,0.02581305429339409,0.12638811767101288,0.0,0.0013106742408126593,0.0,0.0,0.0,0.001112226746045053,0.321124404668808,0.4590795338153839,1.2737441062927246,0.3270229995250702,0.6275750398635864,0.0438041053712368,0.000138815536047332,1.0083361396809205,0.2694539541766954,3.3226826835268106,0,1.0083361396809205,False,1.0218375307988683,1.1454968621462445,1.809764958677224,1.6906649024311091,1.668378224510302,1.6906649024311091,1.3475522509176538,1.2872314023067462,1.2457871674471666,0.9541730158187806,0.9041502330137028,0.7652163999085377,0.5672594841695349,0.2933409392812135,24665993.991217136,23372872.471704006,19781342.386766434,14664027.1690979,7583054.357788086,0.04585291511596149,0.02035788251182144,0.005982145441776343,0.001859469611632523,0.0003736087704570369,0.44683146952966557,1.407528180081273,2.5831262732604845,3.878612669252712,9.077240408159248,1.4179479133640926,1.8859088631505139,1.7613615561268914,1.7085296870470226,1.662158014711894,1.6051663191724563
14,14,2,2,0.65741923391819,0.32865516155958174,0.32876407206058506,70.43723052740097,0.7871792912483215,1600,400,6000,0.00021860531012961665,0.00010930265506480832,0.00021860531012961665,73.11946168199984,106.51007520299981,0.787663459777832,0.5905435085296631,0.25230568647384644,0.15545837581157684,0.11925150454044342,0.11537584662437439,1.468968152999878,0.30870380997657776,0.8852657675743103,2.2575292587280273,4.367499828338623,0.4172934591770172,0.49954599142074585,0.38318830728530884,2.555534839630127,0.7122854590415955,0.7998908162117004,0.009825186803936958,0.8101418018341064,0.49418893456459045,0.15149007737636566,1.7378686666488647,0.32860487699508667,0.32090815901756287,0.037772390991449356,0.3800894021987915,1.0,0.2565363943576813,3.1274499893188477,1.0,0.0,0.08684380352497101,0.31169629096984863,1.0,0.0072862678207457066,0.020981892943382263,0.004505728371441364,0.41010478138923645,0.3281922936439514,0.32746753096580505,0.3289145529270172,0.5666941404342651,0.006335402373224497,0.01905287429690361,0.004063418135046959,0.4173954725265503,0.3283502757549286,0.3276553750038147,0.32904213666915894,0.4407057464122772,0.6565422415733337,0.30870380997657776,0.5311596393585205,0.22575286030769348,0.008345870301127434,0.0249773021787405,0.0076637654565274715,0.025108881294727325,0.08689342439174652,0.0032860480714589357,0.09502235054969788,0.025653639808297157,0.12509801983833313,0.0,0.0013026563683524728,0.0,0.0,0.0,0.0011307300301268697,0.31966105103492737,0.4570824205875397,1.2714221477508545,0.3286518454551697,0.6275665760040283,0.045038141310214996,0.00012886889453511685,1.0049559363876914,0.26647870700335574,3.3100637332265967,0,1.0049559363876914,False,1.0183481860525627,1.1423327556551348,1.7952208148114437,1.6863148341849818,1.6625478221641876,1.6863148341849818,1.3388559862329763,1.279556352280719,1.2359300255554917,0.9545947018481368,0.9042740839541605,0.7647208965587499,0.5662497652456981,0.2922825157405449,24511725.503685236,23219611.50954199,19636216.99040413,14539949.556976318,7505121.0545043945,0.045755019313280416,0.02029125515555718,0.005951191646392652,0.001841573834123527,0.00036971496392211253,0.46091938075477523,1.4214572887523054,2.4997071156501436,3.8407042074585074,8.986918881090098,1.4166468768269882,1.8695563330441503,1.7452068576050697,1.692599607357864,1.6492176900534017,1.5968057807776947
15,15,2,2,0.6564167267084122,0.3281742199510336,0.3282425054162741,70.79000794887543,0.7971651554107666,1600,400,6400,0.0002080477093115569,0.00010402385465577844,0.0002080477093115569,68.81093755699976,102.49701061499991,0.7657458186149597,0.575606644153595,0.25054052472114563,0.15440137684345245,0.11854395270347595,0.11465586721897125,1.4539576768875122,0.305753231048584,0.8772647380828857,2.2298197746276855,4.375,0.4176517426967621,0.501029372215271,0.38239818811416626,2.4882283210754395,0.712285578250885,0.7998946309089661,0.00967518799006939,0.8087923526763916,0.4936448037624359,0.15356434881687164,1.7219719886779785,0.3267035186290741,0.32090824842453003,0.03769773244857788,0.37504228949546814,1.0,0.25437551736831665,3.096668004989624,1.0,0.0,0.08700133860111237,0.31169673800468445,1.0,0.007328332867473364,0.021117987111210823,0.004544622730463743,0.4126298725605011,0.32802295684814453,0.32733556628227234,0.3287414014339447,0.56562739610672,0.006364167667925358,0.01914737932384014,0.004085431341081858,0.41984066367149353,0.3281501829624176,0.327484667301178,0.3288455903530121,0.4423190653324127,0.6561731100082397,0.305753231048584,0.526358962059021,0.22298195958137512,0.0083530368283391,0.02505146898329258,0.007647959515452385,0.024075092747807503,0.0860985815525055,0.0032670344226062298,0.09376057237386703,0.02543754130601883,0.12386657297611237,0.0,0.0013050205307081342,0.0,0.0,0.0,0.0011555192759260535,0.3201443552970886,0.4525171220302582,1.271984338760376,0.3281225562095642,0.6275614500045776,0.04649294167757034,0.00012617636821232736,1.0069323990633603,0.26662620358572897,3.27422255198387,1,1.0049559363876914,False,1.019540440309012,1.1434462927039533,1.8501006015357715,1.6790238502662957,1.6777373733200025,1.6790238502662957,1.3175182539192576,1.292895963510054,1.2374963967292254,0.954052221323832,0.9039018291462257,0.7674153502436414,0.5717543253635113,0.3006641026154146,24594251.050970554,23301437.81920719,19782990.241426468,14739098.241348267,7750737.597442627,0.04551222670984518,0.020003624779901603,0.005896285041112304,0.001835831452768992,0.0003786825183661808,0.425173633415494,1.3704604960464641,2.5660017398646566,4.119235019871001,10.069144366149377,1.4166290596332882,1.8942290850569397,1.768681636021426,1.7161643629802994,1.67010457739552,1.6113880766112516
16,16,2,2,0.6568431057035923,0.3284039353579283,0.32843916952610014,71.1587764620781,0.8068118691444397,1600,400,6800,0.00019716224519218111,9.858112259609056e-05,0.00019716224519218111,72.717830563,106.2608832599999,0.7594143748283386,0.5701429843902588,0.24860109388828278,0.15273168683052063,0.11702258884906769,0.11327341943979263,1.443319320678711,0.3023868203163147,0.8722978830337524,2.2273519039154053,4.382499694824219,0.4191657602787018,0.49820587038993835,0.3821016252040863,2.4640567302703857,0.7122857570648193,0.7999402284622192,0.009525187313556671,0.8103371262550354,0.49952539801597595,0.15314272046089172,1.7197849750518799,0.3233047127723694,0.32090818881988525,0.037823013961315155,0.3693351745605469,1.0,0.25254207849502563,3.0575881004333496,1.0,0.0,0.08699660003185272,0.31169605255126953,1.0,0.00732219684869051,0.021080894395709038,0.00458134338259697,0.41467440128326416,0.327798992395401,0.3270908296108246,0.3285389542579651,0.5693686604499817,0.006349918898195028,0.019075090065598488,0.004106565844267607,0.42193350195884705,0.32789573073387146,0.32720640301704407,0.3286168575286865,0.4456062316894531,0.6556949615478516,0.3023868203163147,0.5233787298202515,0.22273530066013336,0.0083833122625947,0.024910295382142067,0.007642034906893969,0.02346406690776348,0.08598922193050385,0.003233046969398856,0.09233379364013672,0.025254223495721817,0.12230350822210312,0.0,0.0013049483532086015,0.0,0.0,0.0,0.001165470341220498,0.3174597918987274,0.45092862844467163,1.2706600427627563,0.3303448557853699,0.6275720596313477,0.04730190709233284,0.00012187751417513937,1.005436866330022,0.26610255594069854,3.2829723305864196,2,1.0049559363876914,False,1.0190197766636762,1.1427919712501295,1.8133736862369185,1.6809336040102436,1.6576709414704762,1.6809336040102436,1.3392046514998996,1.2751455600053392,1.2286367218991456,0.9547097171178005,0.9046389054260425,0.7653278934739609,0.5687636053381131,0.2943874753110531,24538147.840050578,23251217.417395115,19670616.795305252,14618480.553398132,7566408.157287598,0.045579050723005145,0.020246338720578554,0.005919333229288725,0.0018422031361897773,0.0003707769111589101,0.45381258775360234,1.4454345226127097,2.5284608724613826,3.7373371789398235,8.824767951059027,1.4215251095172008,1.867273778196413,1.74501383062411,1.6940680081933557,1.6522500080666875,1.5985767278265954
17,17,2,2,0.655584425330162,0.32778511583805087,0.32779930971562865,71.47469419240952,0.8151955008506775,1600,400,7200,0.00018601952323019644,9.300976161509822e-05,0.00018601952323019644,70.06714581300002,103.83837523600005,0.7306153774261475,0.5505257248878479,0.24615901708602905,0.15073266625404358,0.11518724262714386,0.11152394115924835,1.424056053161621,0.29705286026000977,0.8612270951271057,2.2126259803771973,4.394999980926514,0.4196249544620514,0.49991026520729065,0.38170725107192993,2.346447467803955,0.7122853398323059,0.8000011444091797,0.009375188499689102,0.8082897067070007,0.5185272097587585,0.1595478504896164,1.7116488218307495,0.32132968306541443,0.3209078907966614,0.0377325564622879,0.35717299580574036,1.0,0.2496427297592163,3.0403566360473633,1.0,0.0,0.08764582127332687,0.31169623136520386,1.0,0.007341877091675997,0.021109912544488907,0.004626399837434292,0.41638386249542236,0.32779747247695923,0.32707542181015015,0.32856008410453796,0.565110981464386,0.0063586183823645115,0.019061924889683723,0.00413590669631958,0.42369401454925537,0.32786232233047485,0.32715556025505066,0.3286086916923523,0.4434170424938202,0.6556600332260132,0.29705286026000977,0.5167364478111267,0.22126273810863495,0.00839250162243843,0.02499551512300968,0.007634146139025688,0.02199939452111721,0.08558239787817001,0.0032132971100509167,0.08929324895143509,0.024964263662695885,0.12161426991224289,0.0,0.00131468684412539,0.0,0.0,0.0,0.0011917171068489552,0.31726258993148804,0.44865238666534424,1.2701218128204346,0.32881292700767517,0.6275681257247925,0.04727480933070183,0.00012528269144240767,0.9950217797957521,0.26322967722716284,3.279464684461632,0,0.9950217797957521,False,1.0085120694004475,1.1347059569712092,1.8102832720101232,1.6657132070520273,1.652565402028836,1.6657132070520273,1.3182516516041451,1.272735669785148,1.2222511453687284,0.9539306164740584,0.9035166108530321,0.7643179398954977,0.5666059090361967,0.29081044403420286,24012799.060863495,22743753.528699398,19239777.81231308,14262875.732696533,7320419.993652344,0.0448579885492196,0.019847675861608925,0.0058215160893659275,0.001811760648734914,0.0003648378729086719,0.45352404286824605,1.3618267106269983,2.539096140088439,3.86790401979167,9.24092962911067,1.3967888487434819,1.8795486840424303,1.7534037070036448,1.6986976466535793,1.649796368408836,1.5874160554797216
18,18,2,2,0.6556316870450973,0.3278227810561657,0.3278089064359665,71.77221995592117,0.8221363425254822,1600,400,7600,0.0001746918175139415,8.734590875697075e-05,0.0001746918175139415,73.14497150099987,105.83738823700014,0.7205539345741272,0.5496535301208496,0.24492312967777252,0.14992639422416687,0.11454229801893234,0.11093967407941818,1.4138059616088867,0.2954237461090088,0.8577691316604614,2.1679868698120117,4.362499713897705,0.4198184907436371,0.49901512265205383,0.3803653120994568,2.331942081451416,0.712285041809082,0.7999210953712463,0.00922518689185381,0.809136688709259,0.5309088230133057,0.16129672527313232,1.7078202962875366,0.3182211220264435,0.3209080696105957,0.03772619739174843,0.3559022545814514,1.0,0.2485317438840866,3.0184643268585205,1.0,0.0,0.08757475018501282,0.31169694662094116,1.0,0.007319265976548195,0.021038508042693138,0.004661326762288809,0.4174373149871826,0.3274846076965332,0.3267185389995575,0.328258216381073,0.5675240159034729,0.0063185845501720905,0.01893286406993866,0.004149206914007664,0.42477667331695557,0.32752323150634766,0.32677024602890015,0.32828569412231445,0.4465143382549286,0.6550078392028809,0.2954237461090088,0.5146617889404297,0.216798797249794,0.008396369405090809,0.02495075948536396,0.007607303559780121,0.02151303179562092,0.08539102226495743,0.0031822114251554012,0.08897556364536285,0.0248531736433506,0.12073858082294464,0.0,0.0013136209454387426,0.0,0.0,0.0,0.0012116958387196064,0.31788918375968933,0.4456947147846222,1.2733268737792969,0.33181753754615784,0.6275560259819031,0.04727041721343994,0.00012312167382333428,0.9965451327273427,0.26410381875163924,3.2458241240994417,1,0.9950217797957521,False,1.009795189809476,1.1352469802424188,1.8016507817713563,1.6598826542860887,1.6442820856842653,1.6598826542860887,1.3234528077254908,1.2663147098549807,1.217902750095837,0.9535220116326464,0.9027413117986618,0.7638554462167997,0.5677126171393232,0.2977725130907539,24076064.193031073,22793871.04588318,19287056.337402344,14334525.314247131,7518641.470916748,0.04516422266720871,0.0198582953339769,0.005796383338095052,0.0017963820794909197,0.0003693609815098467,0.4414480244103681,1.4439402591752215,2.4998316232926694,3.704207730793213,9.054458186720709,1.4107988987413327,1.8623989992973167,1.7391790930946578,1.688367531234219,1.6462344625299679,1.593374152156254
19,19,2,2,0.6547744697332383,0.32741116784512997,0.32736330218613147,72.03739511966705,0.8275370597839355,1600,400,8000,0.0001632526019761237,8.162630098806185e-05,0.0001632526019761237,68.74876860299992,102.00066048300005,0.7040039896965027,0.5346769094467163,0.24180176854133606,0.14774467051029205,0.11282741278409958,0.10929571092128754,1.3942033052444458,0.2906370759010315,0.8477859497070312,2.1406335830688477,4.362499713897705,0.42004504799842834,0.5017618536949158,0.3805162310600281,2.26902174949646,0.7122857570648193,0.79991215467453,0.009075187146663666,0.8093436360359192,0.5285981297492981,0.16296792030334473,1.6918009519577026,0.3171228766441345,0.32090792059898376,0.03772478178143501,0.3460180163383484,1.0,0.24529801309108734,2.9757165908813477,1.0,0.0,0.08743783831596375,0.3116970956325531,1.0,0.007305518724024296,0.021043770015239716,0.004677277989685535,0.41824668645858765,0.3270910680294037,0.326337605714798,0.327845960855484,0.5682628750801086,0.006298902444541454,0.01890615187585354,0.004151153843849897,0.42547592520713806,0.32710006833076477,0.32635238766670227,0.3278505206108093,0.447814404964447,0.6541914343833923,0.2906370759010315,0.5086716413497925,0.21406352519989014,0.008400901220738888,0.02508809044957161,0.007610323838889599,0.02059585601091385,0.08459006994962692,0.003171228338032961,0.0865045040845871,0.024529797956347466,0.11902870237827301,0.0,0.0013115671463310719,0.0,0.0,0.0,0.0012203848455101252,0.3174130320549011,0.4426156282424927,1.2732884883880615,0.3323465585708618,0.6275609731674194,0.047953348606824875,0.00012586091179400682,1.005447408438466,0.26300110409741473,3.2557008679648716,2,0.9950217797957521,False,1.0193975679544272,1.14274803123095,1.8104379389038576,1.6696723741065096,1.660510668287083,1.6696723741065096,1.3358773545174154,1.2897951463502695,1.2411083541774972,0.9547412083830094,0.9054195070482275,0.7713632560146255,0.5794725282746076,0.3108203270995693,24539471.824756622,23271768.60882044,19826154.691366196,14894035.845481873,7988936.260894775,0.04467147914933464,0.01964480460800145,0.005800985109454509,0.0018272572121163302,0.00038871202004704664,0.4612476694044193,1.3835696414132501,2.5367018036293074,3.9261209731799043,9.168273258257045,1.415411641584519,1.8849780770942155,1.7588440425588925,1.7047310925815313,1.6567602000696275,1.596440915086598
20,20,2,2,0.6543309797346593,0.3272058276087046,0.3271251527220011,72.311188519001,0.8342452645301819,1600,400,8400,0.00015177607382610772,7.588803691305386e-05,0.00015177607382610772,72.80090758699998,105.72893464300023,0.6838232278823853,0.5225142240524292,0.24222469329833984,0.14827683568000793,0.11307091265916824,0.10956450551748276,1.3970097303390503,0.29013800621032715,0.8485264182090759,2.1720619201660156,4.404999732971191,0.42071792483329773,0.49866804480552673,0.38017627596855164,2.2523698806762695,0.7122855186462402,0.7998536229133606,0.008925186470150948,0.809944748878479,0.5240328907966614,0.16593888401985168,1.6974178552627563,0.31543320417404175,0.3209080398082733,0.037782106548547745,0.3461188077926636,1.0,0.24559181928634644,2.9767069816589355,1.0,0.0,0.08764149248600006,0.31169530749320984,1.0,0.007345929741859436,0.02117879129946232,0.004713950678706169,0.42013290524482727,0.32692843675613403,0.32616329193115234,0.32770270109176636,0.5657377243041992,0.00631665950641036,0.01899426430463791,0.00417347764596343,0.42737913131713867,0.3269100487232208,0.32615014910697937,0.32767772674560547,0.44804006814956665,0.653838574886322,0.29013800621032715,0.5091161727905273,0.217206209897995,0.008414351381361485,0.024933384731411934,0.007603527046740055,0.020101498812437057,0.08487086743116379,0.003154332749545574,0.0865297019481659,0.024559177458286285,0.1190681904554367,0.0,0.0013146221172064543,0.0,0.0,0.0,0.0012402660213410854,0.31615370512008667,0.4398619830608368,1.2751977443695068,0.3316904306411743,0.6275730133056641,0.04928165301680565,0.00012808034080080688,0.9947314610696449,0.26112492408439714,3.190169815723954,3,0.9950217797957521,False,1.0082282400682083,1.133676977937619,1.80497698696906,1.6565348500764396,1.6482520845332203,1.6565348500764396,1.3157610391902277,1.2734501538156968,1.2233800896820033,0.9543511057905684,0.9043760238698845,0.7675116295884158,0.5725961942272675,0.3013070207224076,24009367.200388312,22752104.453561783,19308898.405992508,14405256.305915833,7580219.540466309,0.0443691781692596,0.019574873415889375,0.005752804170007212,0.0017981913229313897,0.0003726648173576613,0.43686377923032876,1.3790871022294051,2.523180200915689,3.914266103755141,9.494427506557528,1.4010455631318444,1.8765590744108045,1.7496357205530908,1.695632868899438,1.647413966255193,1.5868172187204261
21,21,2,2,0.6533506502211094,0.3267317493259907,0.3266189017891884,72.5710876584053,0.8409754633903503,1600,400,8800,0.00014033667229087642,7.016833614543821e-05,0.00014033667229087642,69.93092902499984,102.9495812539999,0.6840314269065857,0.5248352289199829,0.24045328795909882,0.14668022096157074,0.11156518757343292,0.10808918625116348,1.3827056884765625,0.2872864902019501,0.8399953246116638,2.1528735160827637,4.384999752044678,0.4224328398704529,0.5018404722213745,0.3793778121471405,2.20992374420166,0.7122857570648193,0.7998976707458496,0.008775187656283379,0.8078804016113281,0.5385625958442688,0.1665751188993454,1.689883828163147,0.3130643367767334,0.3209080696105957,0.03777668997645378,0.33945217728614807,1.0,0.24360890686511993,2.9361729621887207,1.0,0.0,0.08772791922092438,0.31169578433036804,1.0,0.007362280506640673,0.021212926134467125,0.004743944387882948,0.42146438360214233,0.32683706283569336,0.3260783553123474,0.3276016414165497,0.567497193813324,0.00631551630795002,0.018977871164679527,0.004192739725112915,0.4286400079727173,0.3267871141433716,0.3260258436203003,0.3275531232357025,0.45007285475730896,0.6536239981651306,0.2872864902019501,0.5039973258972168,0.21528738737106323,0.008448660373687744,0.025092031806707382,0.007587552070617676,0.019394822418689728,0.0844942107796669,0.003130642930045724,0.08486304432153702,0.02436089515686035,0.1174468994140625,0.0,0.0013159184018149972,0.0,0.0,0.0,0.001252893009223044,0.31532934308052063,0.4376029074192047,1.2769689559936523,0.33214515447616577,0.6275669932365417,0.04964038357138634,0.00011523089779075235,1.0097920172104955,0.26213751080735975,3.2475156253618813,4,0.9950217797957521,False,1.0242242228936542,1.1464699539475343,1.7948118148386525,1.6715223238908634,1.6498183427827817,1.6715223238908634,1.3362074148805239,1.278208502451506,1.2331946256567254,0.9559284363757059,0.9070849218668442,0.7722946732280678,0.5823277774812082,0.30919003784206,24782782.88063109,23516497.488191605,20022012.60906601,15097053.634468079,8015861.109588623,0.044795490987765106,0.019830881362715866,0.005835124746548593,0.0018596662685282262,0.0003891839965967344,0.4931360479855972,1.3833607849938976,2.501328810135203,3.866904916251705,9.099469525395618,1.4196965392689707,1.8612869171145974,1.735085198490089,1.6828887519289129,1.6404922510250892,1.5913687767985643
22,22,2,2,0.6534852479398251,0.3268212089687586,0.3266640383005142,72.79584884643555,0.8471976518630981,1600,400,9200,0.0001290085957862138,6.45042978931069e-05,0.0001290085957862138,72.78753691700012,105.81272806600009,0.6789396405220032,0.5219874978065491,0.2378545105457306,0.1446341872215271,0.11010491102933884,0.10673150420188904,1.3658193349838257,0.2839253842830658,0.8317375779151917,2.1209073066711426,4.380000114440918,0.4214054048061371,0.4998488128185272,0.3794534206390381,2.1549925804138184,0.7122855186462402,0.7999211549758911,0.008625187911093235,0.8089979887008667,0.5559486746788025,0.1654416024684906,1.6739766597747803,0.3111606538295746,0.32090792059898376,0.03768952935934067,0.32956522703170776,1.0,0.24102479219436646,2.91353702545166,1.0,0.0,0.08787152916193008,0.31169623136520386,1.0,0.007354930508881807,0.02117391861975193,0.004783442709594965,0.4220024645328522,0.32668536901474,0.3258983790874481,0.3274730145931244,0.5686156153678894,0.006303806789219379,0.018914353102445602,0.0042134118266403675,0.4293491542339325,0.32660505175590515,0.3258172571659088,0.327395498752594,0.45167461037635803,0.6532903909683228,0.2839253842830658,0.4990426003932953,0.21209067106246948,0.008428109809756279,0.024992449209094048,0.007589066866785288,0.018587399274110794,0.08369884639978409,0.0031116062309592962,0.08239130675792694,0.02410246804356575,0.11654143035411835,0.0,0.0013180735986679792,0.0,0.0,0.0,0.001258147181943059,0.3142700493335724,0.4379878044128418,1.2749922275543213,0.33432459831237793,0.6275664567947388,0.05012309551239014,0.00011733347491826862,1.0015370362658695,0.2598558585240096,3.1633164333363575,5,0.9950217797957521,False,1.0152714088512338,1.1392153676500434,1.8039040658064,1.662490242559511,1.6517971033854755,1.662490242559511,1.3314408880334105,1.2786067356199433,1.2297920616995077,0.9552220083939745,0.9064500508403355,0.7725535132818088,0.5827460655975207,0.31316872438606347,24361227.79724121,23117386.305273056,19702594.74471283,14861895.483161926,7986807.84854126,0.04395541206069996,0.01941314278486302,0.005712450175008905,0.0018154971297532757,0.0003862734745403263,0.4599060142380778,1.3897431255800081,2.515713259249672,3.87960245563239,9.16875258841995,1.4102004404911266,1.8660834894638163,1.73924862240963,1.686798438726619,1.6435536860910114,1.589264099298249
23,23,2,2,0.6527348867058754,0.32645718537271023,0.32627770185470584,73.02936363220215,0.8541259765625,1600,400,9600,0.00011786532064984039,5.8932660324920195e-05,0.00011786532064984039,70.23236238399977,104.07972679600016,0.6672652363777161,0.5153459906578064,0.2367597073316574,0.1440502405166626,0.10962092131376266,0.10626823455095291,1.3584831953048706,0.28225672245025635,0.8288132548332214,2.104219675064087,4.369999885559082,0.4223141670227051,0.5009074807167053,0.3790794014930725,2.1269233226776123,0.7122856974601746,0.7998713254928589,0.008475186303257942,0.8083326816558838,0.5568873286247253,0.1690484583377838,1.674034833908081,0.31078192591667175,0.32090824842453003,0.03773052245378494,0.3271609842777252,1.0,0.2399585098028183,2.8874919414520264,1.0,0.0,0.08777398616075516,0.31169694662094116,1.0,0.007394782733172178,0.021354619413614273,0.004786618519574404,0.4229702353477478,0.32632285356521606,0.32552313804626465,0.32712531089782715,0.5693759918212891,0.006361713632941246,0.01910351775586605,0.004213596694171429,0.4302702248096466,0.3262055516242981,0.32540008425712585,0.3270148038864136,0.45317542552948,0.6525286436080933,0.28225672245025635,0.4972880482673645,0.2104218751192093,0.008446289226412773,0.025045372545719147,0.007581587415188551,0.01803145371377468,0.08370174467563629,0.003107818542048335,0.0817902460694313,0.023995844647288322,0.11549971997737885,0.0,0.0013166108401492238,0.0,0.0,0.0,0.0012812791392207146,0.3132025897502899,0.43486589193344116,1.2781143188476562,0.33259743452072144,0.6275650858879089,0.04932856932282448,0.00011550530325621367,0.9969550223529096,0.2589087855447334,3.1806247093300244,6,0.9950217797957521,False,1.0099950820325891,1.1352552222079,1.806541499199064,1.6529950747814846,1.6517970439485934,1.6529950747814846,1.31514273557931,1.2807673429106063,1.224799160690686,0.9549991990936073,0.9060647693631404,0.7719609228730033,0.580612623657416,0.30965618551348806,24133202.85356009,22896610.69690752,19507754.105340958,14672307.829536438,7825132.78225708,0.043720289076197155,0.019314303029082564,0.005700414772991866,0.0018063329184135042,0.0003803737676692288,0.42256277752296284,1.3639831133540465,2.5788454976137034,3.999237427927329,9.315540062934982,1.4000666009281244,1.885324596471477,1.7579251357426795,1.704246947584041,1.657326351759597,1.593066899307574
24,24,2,2,0.6525325930118561,0.3263679075241089,0.32616468630731105,73.23853468894958,0.8588355779647827,1600,400,10000,0.00010697912455810288,5.348956227905144e-05,0.00010697912455810288,72.63601342699985,105.68431661199975,0.6685450673103333,0.5139236450195312,0.2355291098356247,0.14321261644363403,0.10895716398954391,0.10562676936388016,1.3486199378967285,0.28080838918685913,0.8208796977996826,2.0816781520843506,4.34499979019165,0.42325305938720703,0.5021207332611084,0.3785572648048401,2.1385881900787354,0.7122854590415955,0.7998788952827454,0.008325187489390373,0.8082627654075623,0.5496174693107605,0.1725105196237564,1.6706371307373047,0.30858442187309265,0.3209081292152405,0.03771689161658287,0.32383155822753906,1.0,0.23880906403064728,2.884941339492798,1.0,0.0,0.08783958852291107,0.3116961121559143,1.0,0.007462481502443552,0.021598372608423233,0.004806086886674166,0.42410680651664734,0.3262222111225128,0.32542887330055237,0.327030211687088,0.5700704455375671,0.006436606869101524,0.019354933872818947,0.004224261734634638,0.4313276708126068,0.32607677578926086,0.3252730369567871,0.32689687609672546,0.45569032430648804,0.6522992849349976,0.28080838918685913,0.49252763390541077,0.20816776156425476,0.008465060964226723,0.025106029585003853,0.007571151480078697,0.01780288852751255,0.08353184163570404,0.003085845150053501,0.08095788955688477,0.023880919441580772,0.11539767682552338,0.0,0.0013175932690501213,0.0,0.0,0.0,0.0012815376976504922,0.3116506040096283,0.43462705612182617,1.277187466621399,0.3348284065723419,0.6275767087936401,0.04994290694594383,0.00012707574933301657,0.9988329695774923,0.2585725462866901,3.177266014947721,7,0.9950217797957521,False,1.0125678128967595,1.1370105172417426,1.807853853111382,1.6537388970425,1.6525306694835038,1.6537388970425,1.318219013162357,1.2811251675658917,1.2273254646120924,0.9552505480694861,0.9064314080870093,0.773023827931123,0.5828293006252674,0.31235151136545936,24230582.7307266,22992251.894299507,19608277.486322403,14783863.369911194,7923009.4685668945,0.04371773253655301,0.019286377749892704,0.00570552785228015,0.0018131765783839775,0.00038434623696243447,0.4387257351302766,1.368895775411567,2.5503847974465,3.974532314881263,9.301202535522407,1.4033771355839173,1.881665919157017,1.7550566137159456,1.7012674451664005,1.6540670957206194,1.5923189116998813
25,25,2,2,0.6518266919255257,0.32603563942015173,0.3257910522073507,73.44565540552139,0.8634719252586365,1600,400,10400,9.642061771743828e-05,4.821030885871914e-05,9.642061771743828e-05,70.15709607600002,103.89427259599961,0.6649878621101379,0.5123350620269775,0.2345103770494461,0.14281333982944489,0.10855065286159515,0.10524740070104599,1.3427330255508423,0.2797848582267761,0.8181531429290771,2.081265687942505,4.382499694824219,0.4253164529800415,0.5001887679100037,0.3783624470233917,2.1272034645080566,0.7122852206230164,0.7998159527778625,0.00817518588155508,0.8074639439582825,0.5694934129714966,0.1702863872051239,1.658372402191162,0.30785539746284485,0.3209081292152405,0.03770819306373596,0.3195718824863434,1.0,0.2378470003604889,2.8616104125976562,1.0,0.0,0.08760955929756165,0.311696857213974,1.0,0.0073995087295770645,0.02135571837425232,0.0048216297291219234,0.42507749795913696,0.32611435651779175,0.3253087103366852,0.3269168436527252,0.5731067061424255,0.006377058103680611,0.019141485914587975,0.004227629397064447,0.4324147701263428,0.3259370028972626,0.3251205384731293,0.3267521262168884,0.46056219935417175,0.6520512104034424,0.2797848582267761,0.49089181423187256,0.208126500248909,0.00850632879883051,0.025009427219629288,0.007567248307168484,0.0173930823802948,0.08291862159967422,0.0030785524286329746,0.07989297062158585,0.0237846989184618,0.11446443945169449,0.0,0.0013141436502337456,0.0,0.0,0.0,0.001283427351154387,0.31125563383102417,0.4332542419433594,1.2786238193511963,0.33556970953941345,0.6275730133056641,0.050825927406549454,0.00013340126315597445,0.9936944399191143,0.2583167638639554,3.1808618442360443,0,0.9936944399191143,False,1.0074726072293538,1.1333170761854516,1.790181505032404,1.6437460716063124,1.6441037569186865,1.6437460716063124,1.311452258208517,1.2715424525618888,1.2167359939276032,0.9545992838489376,0.9049715745530433,0.7700967118809412,0.5779437459656689,0.304804712601429,23965563.708170056,22719641.938748837,19333559.245531082,14509488.848381042,7652233.6460876465,0.043896021678197575,0.019290861527114737,0.005690070620277874,0.0018005512056798287,0.00037533935113922553,0.4478230019992067,1.3718451431901588,2.526861974432832,3.8652178317292964,9.20283773743796,1.397759302834982,1.8644505728209577,1.7392499501096292,1.6866887458102744,1.6421919421455962,1.583765286194236
26,26,2,2,0.6523266911506653,0.3263145890831947,0.3260121013224125,73.65010619163513,0.8669370412826538,1600,400,10800,8.625828487140662e-05,4.312914243570331e-05,8.625828487140662e-05,72.90600412000003,105.81675422299986,0.6536012887954712,0.5018781423568726,0.2327229082584381,0.14194460213184357,0.10796526819467545,0.10470670461654663,1.3380082845687866,0.2776150405406952,0.816851019859314,2.0781896114349365,4.367499828338623,0.42485511302948,0.5021691918373108,0.3773263394832611,2.0785980224609375,0.712285578250885,0.7999394536018372,0.008025185205042362,0.8091891407966614,0.5887974500656128,0.17538590729236603,1.6746340990066528,0.30637016892433167,0.3209080398082733,0.03766586631536484,0.3163920044898987,1.0,0.23608632385730743,2.8452420234680176,1.0,0.0,0.08781925588846207,0.3116961419582367,1.0,0.007423881907016039,0.02141021192073822,0.004851466976106167,0.4255950152873993,0.3260880708694458,0.32532599568367004,0.32687607407569885,0.5734548568725586,0.006383291445672512,0.019137123599648476,0.004234195686876774,0.43316227197647095,0.3258705139160156,0.3250948190689087,0.3266686201095581,0.4619119465351105,0.651958703994751,0.2776150405406952,0.49011048674583435,0.20781901478767395,0.008497095666825771,0.025108452886343002,0.007546526845544577,0.01668219454586506,0.08373170346021652,0.0030637020245194435,0.07909800112247467,0.023608626797795296,0.11380959302186966,0.0,0.001317289425060153,0.0,0.0,0.0,0.0012934883125126362,0.31129971146583557,0.4320611357688904,1.2776845693588257,0.33591288328170776,0.6275734305381775,0.05049344524741173,0.00013324931205715984,0.9949631912789172,0.25836713702385666,3.1488086819816203,1,0.9936944399191143,False,1.009031461706406,1.1342639942297166,1.7877102085698289,1.6454714248811049,1.641735928628144,1.6454714248811049,1.3130558168845685,1.2723648688858837,1.220724571419377,0.9549314497499034,0.905771999902411,0.7708474194690579,0.579821153583969,0.3106877075129948,24035161.80653608,22797842.277773857,19401855.976093292,14593817.439872742,7819859.0310668945,0.04369208847735331,0.019294873327787083,0.00566922498933333,0.0017924489415768548,0.0003818290286974328,0.44660536824828717,1.3657390272139969,2.5329823942259,3.912169167579462,9.148258865238255,1.4010407226177273,1.875182676802625,1.747369218192353,1.6928287349128115,1.6460972913093392,1.5852796999962995
27,27,2,2,0.652554831802845,0.32644139617681506,0.3261134371161461,73.84854626655579,0.8703988790512085,1600,400,11200,7.655804109393217e-05,3.827902054696608e-05,7.655804109393217e-05,70.4421675929998,103.9495589119997,0.6602179408073425,0.5068088173866272,0.2317703515291214,0.14120087027549744,0.10706813633441925,0.10384239256381989,1.3256261348724365,0.27634817361831665,0.8077995777130127,2.0531704425811768,4.380000114440918,0.4251978099346161,0.5001470446586609,0.3772429823875427,2.108133316040039,0.712285578250885,0.7999078035354614,0.007875186391174793,0.8073436617851257,0.5865832567214966,0.1749463677406311,1.6524505615234375,0.3070237338542938,0.3209080100059509,0.03769033029675484,0.3102268576622009,1.0,0.23529863357543945,2.8380401134490967,1.0,0.0,0.08807891607284546,0.3116956353187561,1.0,0.0074444906786084175,0.021498676389455795,0.004843211267143488,0.42643481492996216,0.3260764181613922,0.3253263831138611,0.3268430233001709,0.5734606385231018,0.006406888831406832,0.01922999881207943,0.004224089439958334,0.4337978661060333,0.32581835985183716,0.32505109906196594,0.32659655809402466,0.4644283652305603,0.6518949270248413,0.27634817361831665,0.4846796989440918,0.2053171843290329,0.008503957651555538,0.025007344782352448,0.007544861175119877,0.01660311035811901,0.08262249082326889,0.0030702364165335894,0.07755671441555023,0.023529870435595512,0.11352164298295975,0.0,0.001321184216067195,0.0,0.0,0.0,0.0013070270651951432,0.31011703610420227,0.4305679500102997,1.2777291536331177,0.33624380826950073,0.627564549446106,0.05110078305006027,0.0001463324879296124,1.0004234003944596,0.25874152532573685,3.1742091418549796,2,0.9936944399191143,False,1.0149944219150833,1.1387003435582945,1.785450910643502,1.6482440018797073,1.6395791106982873,1.6482440018797073,1.3264819043255216,1.2682561278711115,1.2201957290690966,0.9556491763262365,0.9068226707531398,0.7723792623370694,0.5821060876760846,0.3135865715248144,24317952.05297959,23075487.086907387,19654369.33711815,14812577.963256836,7979688.99017334,0.04392217704532611,0.019432336497883656,0.005722597670827193,0.001811328003564367,0.0003878467297059523,0.4655967655976875,1.4176794160516581,2.5168980318101943,3.7066359296072338,8.936481960041547,1.41126438136266,1.8644775053813147,1.7395094893953202,1.6875418646072555,1.6441573766698967,1.5884616742243163
28,28,2,2,0.6527070818841457,0.3265318687260151,0.3261752118915319,74.01856559515,0.8732383847236633,1600,400,11600,6.738280424997402e-05,3.369140212498701e-05,6.738280424997402e-05,72.3503724229995,105.28659915400021,0.6498512625694275,0.5025030970573425,0.23019392788410187,0.14082811772823334,0.10719462484121323,0.10396043211221695,1.323804259300232,0.2757064402103424,0.8084442615509033,2.0541937351226807,4.375,0.4257524907588959,0.5011762976646423,0.3770269453525543,2.059863328933716,0.7122854590415955,0.7999053597450256,0.007725186180323362,0.8089324235916138,0.5904068350791931,0.17761901021003723,1.6469124555587769,0.30445772409439087,0.3209081292152405,0.037747859954833984,0.3103693127632141,1.0,0.2339879423379898,2.8219871520996094,1.0,0.0,0.08810553699731827,0.3116964101791382,1.0,0.007465810980647802,0.021563522517681122,0.004878160078078508,0.426876962184906,0.32608503103256226,0.3253479599952698,0.32683202624320984,0.5760470628738403,0.006434749811887741,0.019304871559143066,0.004241708666086197,0.43435540795326233,0.3257967233657837,0.3250412046909332,0.32655516266822815,0.4672298729419708,0.651881754398346,0.2757064402103424,0.4850667119026184,0.2054194062948227,0.008515049703419209,0.0250588096678257,0.0075405375100672245,0.01591484248638153,0.08234559744596481,0.003044575685635209,0.07759232819080353,0.02339882403612137,0.11287955194711685,0.0,0.0013215821236371994,0.0,0.0,0.0,0.0013010211987420917,0.3091403543949127,0.42909473180770874,1.2791111469268799,0.3383500576019287,0.6275718808174133,0.05175703391432762,0.00014171841030474752,0.9982142817665428,0.25762416792699955,3.1536264126584395,3,0.9936944399191143,False,1.012419245194718,1.1365529586206589,1.7910547952003402,1.645133741663901,1.6449180650791937,1.645133741663901,1.3129009585546232,1.2750952203908843,1.222054622026875,0.9555006723286785,0.906817287076114,0.7735379619150502,0.5838133175916068,0.31400780652381194,24206911.379061222,22973553.385110855,19597019.065179825,14790483.827095032,7955158.34262085,0.043554035336569624,0.019224234170850476,0.005678664520327086,0.0018051529770392847,0.00038560484109493524,0.4520498903560953,1.386079746395713,2.5291476857030077,3.854239491315888,9.23155626847021,1.4073614532912302,1.8710710766696141,1.744389945667018,1.691615197184508,1.646734774242122,1.588828770441651
29,29,2,2,0.6522149764001369,0.3263043276965618,0.3259106480330229,74.17891770601273,0.87498539686203,1600,400,12000,5.8792086896737665e-05,2.9396043448368832e-05,5.8792086896737665e-05,70.98958926700016,104.2798761920003,0.6456804275512695,0.4991340637207031,0.22842182219028473,0.13940538465976715,0.10615356266498566,0.10297887772321701,1.3128494024276733,0.2732393145561218,0.802943229675293,2.0365610122680664,4.409999847412109,0.4247475862503052,0.5025104284286499,0.37717553973197937,2.030888080596924,0.7122856974601746,0.7998713254928589,0.007575186900794506,0.8080487847328186,0.5974662899971008,0.17503653466701508,1.647523283958435,0.30229729413986206,0.3209080100059509,0.03771893307566643,0.3031793534755707,1.0,0.23234771192073822,2.7972662448883057,1.0,0.0,0.08801779896020889,0.311696320772171,1.0,0.007490883115679026,0.021652325987815857,0.004884387832134962,0.4270494878292084,0.3261184096336365,0.3254072070121765,0.3268694281578064,0.575912594795227,0.006478144321590662,0.01942429505288601,0.004237966611981392,0.4345216751098633,0.3257931172847748,0.32506313920021057,0.32655400037765503,0.46878236532211304,0.6519115567207336,0.2732393145561218,0.48176589608192444,0.20365598797798157,0.008494953624904156,0.02512551099061966,0.007543511688709259,0.015384755097329617,0.0823761448264122,0.0030229720287024975,0.07579483836889267,0.023234793916344643,0.11189059913158417,0.0,0.0013202670961618423,0.0,0.0,0.0,0.001310880295932293,0.3077329099178314,0.42817065119743347,1.280683159828186,0.33694279193878174,0.6275648474693298,0.0520324632525444,0.0001410407858202234,0.9949478497519093,0.25713245964203735,3.130509962223292,4,0.9936944399191143,False,1.0086378609898203,1.1335970943554696,1.7847914956909685,1.6410326747558333,1.6441376492734183,1.6410326747558333,1.313865390165378,1.273147347027653,1.2192211246760385,0.9553236967247465,0.9064872797158527,0.7724772754600286,0.5819569726836582,0.3107513413252737,24044292.968581676,22815141.925722122,19442279.07923889,14647123.26752472,7821219.46395874,0.04345303235493644,0.019208383625056794,0.005669696965883018,0.0018015738215374857,0.00038230100524712065,0.43953840020813295,1.378318012663386,2.5467823705725596,3.8831244182183653,8.994289214390509,1.4031998158301748,1.8800182488231598,1.7522521525092896,1.6982192505044886,1.6514969995981392,1.5878449701740056
30,30,2,2,0.6524009604752063,0.3264132353663445,0.3259877237677574,74.31238567829132,0.8769645690917969,1600,400,12400,5.084161027244481e-05,2.5420805136222406e-05,5.084161027244481e-05,73.38758964099998,106.56058095000026,0.6479812264442444,0.5003262758255005,0.2271585911512375,0.13854333758354187,0.10544280707836151,0.10228658467531204,1.3030205965042114,0.27186068892478943,0.7953439354896545,2.016679286956787,4.382499694824219,0.42692816257476807,0.50197434425354,0.37679171562194824,2.049950122833252,0.7122858166694641,0.7998737096786499,0.0074251871556043625,0.8076096773147583,0.6008531451225281,0.1768227368593216,1.6382501125335693,0.3037334382534027,0.3209080398082733,0.037663597613573074,0.3001934289932251,1.0,0.2310778945684433,2.7865893840789795,1.0,0.0,0.08791778981685638,0.31169605255126953,1.0,0.00749961007386446,0.021677061915397644,0.004882882349193096,0.42801806330680847,0.3262084126472473,0.32550927996635437,0.32692161202430725,0.5759221911430359,0.006487933453172445,0.019443249329924583,0.004236858803778887,0.43546342849731445,0.32585591077804565,0.32513609528541565,0.32658693194389343,0.47096163034439087,0.6520640254020691,0.27186068892478943,0.47720617055892944,0.20166786015033722,0.008538569323718548,0.025098703801631927,0.007535833399742842,0.015224246308207512,0.08191245049238205,0.003037335816770792,0.07504835724830627,0.023107778280973434,0.11146348714828491,0.0,0.0013187658041715622,0.0,0.0,0.0,0.0013023955980315804,0.30772560834884644,0.42683082818984985,1.28250253200531,0.33874019980430603,0.6275700926780701,0.051842913031578064,0.00014221483434084803,0.9941391270242215,0.25791492328969434,3.1476474879713385,5,0.9936944399191143,False,1.0079397757745627,1.1331491928969002,1.78375243844452,1.6361566713785338,1.638807533335731,1.6361566713785338,1.3091972087876151,1.2709183483579134,1.2166022732045576,0.9546765395209557,0.9055097975402995,0.7716874704724108,0.5811535359581668,0.3105729256995639,23988959.381859183,22753505.353729248,19390839.32442856,14603133.094398499,7804026.799957275,0.04355651321345549,0.019170900820735755,0.005660178772130981,0.0017946908301878718,0.0003815537090434483,0.44219711320165006,1.3811428923922033,2.534067323025262,3.858503813496667,9.132777948922287,1.401667482749252,1.8753701503233668,1.7487801825536267,1.6950460940442171,1.648729497738129,1.5867342824013446
31,31,2,2,0.6531569285690785,0.32678645946085455,0.326370469853282,74.42331516742706,0.8781191110610962,1600,400,12800,4.358294287641177e-05,2.1791471438205885e-05,4.358294287641177e-05,72.20967863799979,105.6636997329997,0.646033763885498,0.4955320358276367,0.22591730952262878,0.13778139650821686,0.10478614270687103,0.10167825222015381,1.2986658811569214,0.27022072672843933,0.792887806892395,2.0309526920318604,4.392499923706055,0.4257437288761139,0.5026564002037048,0.37657561898231506,2.041555404663086,0.7122855186462402,0.7999227046966553,0.007275187876075506,0.8077577948570251,0.6085246205329895,0.17600449919700623,1.634368658065796,0.3025346100330353,0.3209078013896942,0.037567347288131714,0.29460856318473816,1.0,0.22990575432777405,2.7719807624816895,1.0,0.0,0.08781811594963074,0.31169697642326355,1.0,0.007479355204850435,0.0215897336602211,0.004891905002295971,0.4289792776107788,0.32638686895370483,0.32571205496788025,0.32707682251930237,0.5778812766075134,0.006471811328083277,0.019378626719117165,0.004240031354129314,0.43639159202575684,0.3260229527950287,0.32532548904418945,0.3267275094985962,0.47411859035491943,0.6524093747138977,0.27022072672843933,0.4757326543331146,0.20309527218341827,0.008514871820807457,0.025132810696959496,0.007531512062996626,0.014855112880468369,0.08171844482421875,0.0030253480654209852,0.07365214079618454,0.022990571334958076,0.11087922751903534,0.0,0.001317271962761879,0.0,0.0,0.0,0.0013076491886749864,0.3072851896286011,0.42686042189598083,1.282786250114441,0.33858925104141235,0.6275666952133179,0.0521298348903656,0.00015457956760656089,0.9961081589805878,0.2573420149210481,3.1564222943467177,6,0.9936944399191143,False,1.010155412603403,1.1347957106672475,1.7849177219384569,1.6374358329249807,1.642142127807565,1.6374358329249807,1.3168203198366746,1.273972959767357,1.219567647599049,0.9550877517982093,0.9062752449771655,0.7731823553102324,0.5842647736055443,0.31435126039428274,24094454.33369112,22863037.938393116,19505440.119573593,14739526.163871765,7930289.205413818,0.043457555463537606,0.019142031588446518,0.005650739241137224,0.0018033830649779555,0.00038686344522743607,0.44223542414678113,1.3824342444720428,2.570513801829033,3.831746435782779,8.772820259875017,1.403768493222803,1.877301277474096,1.7515780616841188,1.6980437205429337,1.6511477880668863,1.5885260401090098
32,32,2,2,0.6532355223596096,0.32684081882238386,0.3263947052508593,74.51735800504684,0.878925621509552,1600,400,13200,3.7063165984685056e-05,1.8531582992342528e-05,3.7063165984685056e-05,71.89073737600029,104.82141175600009,0.6398179531097412,0.4923171401023865,0.22563211619853973,0.1378006935119629,0.10467299073934555,0.10156145691871643,1.292201042175293,0.2696942090988159,0.7913721799850464,1.9921196699142456,4.367499828338623,0.4261367619037628,0.5023896098136902,0.3765791952610016,2.003950834274292,0.7122856974601746,0.7999390959739685,0.007125187199562788,0.8075123429298401,0.6051138639450073,0.1774432510137558,1.6283947229385376,0.2998422086238861,0.32090818881988525,0.03783508017659187,0.29467979073524475,1.0,0.22984032332897186,2.7656493186950684,1.0,0.0,0.0879172757267952,0.31169646978378296,1.0,0.007462434004992247,0.02152058854699135,0.004898238927125931,0.4289482533931732,0.32648783922195435,0.3258110284805298,0.32717615365982056,0.5794198513031006,0.006458736024796963,0.019319435581564903,0.00423938874155283,0.4364272654056549,0.3261115252971649,0.3254132866859436,0.3268134891986847,0.47617682814598083,0.652599573135376,0.2696942090988159,0.4748231768608093,0.19921207427978516,0.008522732183337212,0.025119492784142494,0.007531582377851009,0.014280875213444233,0.08141970634460449,0.002998421201482415,0.07366994768381119,0.022984031587839127,0.11062595993280411,0.0,0.001318759168498218,0.0,0.0,0.0,0.0013056208845227957,0.3064548373222351,0.4270317852497101,1.282307744026184,0.33822473883628845,0.6275681257247925,0.05214553326368332,0.00015139048628043383,1.0003846063385369,0.2567746214865098,3.136691066110304,7,0.9936944399191143,False,1.0147368633485399,1.1384537088702722,1.7967519033507044,1.641945800805034,1.6503229267487312,1.641945800805034,1.3200273457035858,1.27881538204543,1.225144970899096,0.9559264231455609,0.9077683160641754,0.7760253284992338,0.5882522100172657,0.3178182686496209,24323120.525474668,23097759.018085003,19745617.590312958,14967814.527549744,8086743.776916504,0.043303061806273135,0.019127832960576744,0.005673079464489114,0.001822104801448905,0.0003943364072641596,0.448458997360137,1.3836554857465486,2.57444103566216,3.8500458585873747,8.920667060471006,1.409683587041103,1.8834228969080822,1.756923348022893,1.7029967873310743,1.6562164244462738,1.5936313061111207
33,33,2,2,0.6532915250957012,0.3268709759414196,0.3264205487817526,74.60334241390228,0.8804501295089722,1600,400,13600,3.1324568270770976e-05,1.5662284135385488e-05,3.1324568270770976e-05,72.92710285499925,106.59533476699926,0.6426001787185669,0.4941190481185913,0.22473983466625214,0.13759049773216248,0.10448892414569855,0.1013919934630394,1.2929972410202026,0.2693956196308136,0.7910142540931702,2.0115036964416504,4.392499923706055,0.42718496918678284,0.5018486380577087,0.37683025002479553,2.026993751525879,0.7122853398323059,0.7999259829521179,0.006975186988711357,0.8062220811843872,0.6118711233139038,0.1752706617116928,1.6305598020553589,0.30140945315361023,0.3209080398082733,0.03767474368214607,0.29320237040519714,1.0,0.2289809137582779,2.7618603706359863,1.0,0.0,0.08772256970405579,0.3116971254348755,1.0,0.007453022990375757,0.021481702104210854,0.0049013108946383,0.42957717180252075,0.3265400528907776,0.32586631178855896,0.3272305130958557,0.5790491700172424,0.0064466046169400215,0.019271818920969963,0.0042379568330943584,0.4370783567428589,0.32614779472351074,0.3254525363445282,0.32685190439224243,0.47646579146385193,0.6526881456375122,0.2693956196308136,0.4746083617210388,0.20115041732788086,0.008543698117136955,0.025092436000704765,0.007536600809544325,0.014139671809971333,0.0815279632806778,0.0030140953604131937,0.07330059260129929,0.022898077964782715,0.11047443747520447,0.0,0.0013158386573195457,0.0,0.0,0.0,0.0013004466891288757,0.30593782663345337,0.42668649554252625,1.2827823162078857,0.33840617537498474,0.627570390701294,0.051979586482048035,0.00014906594878993928,0.9967196481973811,0.2560543797059821,3.1242354486343116,8,0.9936944399191143,True,1.0105002733630477,1.1351020696953336,1.7866124248518769,1.637557453713317,1.6454178371948862,1.637557453713317,1.3141470271838307,1.277357637827483,1.221607023731833,0.9557083115541264,0.9073666780748751,0.7750347300771324,0.5860369868834691,0.3159762483375592,24139719.92417872,22918684.720489025,19576183.53778839,14802391.64768982,7981073.351928711,0.04316839116409555,0.0190768988245896,0.005649205317350739,0.0018038157101485028,0.00038843670039306205,0.42858641844075396,1.3655108440813877,2.5886388587569975,3.9438581621987634,9.10670345745901,1.4061696052605637,1.8908328506517271,1.764435724007849,1.7097010623909312,1.661091592566698,1.5939834302487512
